Toppagina's,Aantal klikken,Vertoningen,CTR,Positie
https://www.bylder.com/dakkapel/bedrijf/n1-totaalbouw-im4bxe/,57,823,6.93%,5.89
https://www.bylder.com/beurs-eigen-huis/,52,401,12.97%,6.26
https://www.bylder.com/schilder/bedrijf/rn-schilders-renovatie-otnku4/,34,434,7.83%,7.65
https://www.bylder.com/,33,752,4.39%,27.01
https://www.bylder.com/aannemer/bedrijf/van-weenen-bouwbedrijf-8rjb_m/,28,295,9.49%,6.35
https://www.bylder.com/kortingscode/kave-home/,17,466,3.65%,9.7
https://www.bylder.com/aannemer/bedrijf/ratobouw-b-v-2cv6d8/,16,281,5.69%,6.19
https://www.bylder.com/loodgieter/bedrijf/loodgieter-utrecht-riool-ontstoppen-utrecht-lekkage-rionex-im5ghq/,15,565,2.65%,8.79
https://www.bylder.com/dakkapel/bedrijf/bendabouw-geveltechniek-pi48-s/,14,287,4.88%,13.68
https://www.bylder.com/ai-verbouwingskosten-berekenen/,14,226,6.19%,13.19
https://www.bylder.com/loodgieter/bedrijf/zwiep-kachels-bozkiw/,13,308,4.22%,2.97
https://www.bylder.com/nieuwbouw-project/condorpark-apeldoorn/,12,360,3.33%,6.51
https://www.bylder.com/aannemer/bedrijf/gils-bouwservice-en-onderhoud-b-v-kv7_v8/,12,355,3.38%,8.09
https://www.bylder.com/loodgieter/bedrijf/millenaar-verwarming-b-v-e4hpmu/,12,260,4.62%,8.67
https://www.bylder.com/kennisbank/vloeren/plintloos-afwerken/,12,92,13.04%,4.11
https://www.bylder.com/kortingscode/wasmachinekast/,12,75,16%,5.63
https://www.bylder.com/loodgieter/bedrijf/installatiebureau-c-f-gevers-b-v-oberk4/,12,70,17.14%,6.84
https://www.bylder.com/gietvloer/bedrijf/suelo-gietvloeren-pvc-vloerverwarming-pavlh0/,11,1536,0.72%,9.76
https://www.bylder.com/loodgieter/bedrijf/de-warmteman-iwvdtc/,11,343,3.21%,4.87
https://www.bylder.com/loodgieter/bedrijf/d-van-dijk-services-2bjxea/,11,286,3.85%,5.31
https://www.bylder.com/loodgieter/bedrijf/loodgieters-veenstra-mts-service-group-bv-rvqxji/,11,279,3.94%,5.08
https://www.bylder.com/schilder/bedrijf/schildersbedrijf-de-graaf-ovrpn8/,11,265,4.15%,6.99
https://www.bylder.com/elektricien/bedrijf/voltina-80ph7o/,11,240,4.58%,6.28
https://www.bylder.com/elektricien/bedrijf/technova-duurzaam-yna-xo/,11,239,4.6%,5.27
https://www.bylder.com/nieuwbouw-project/haarlemszicht-haarlem/,11,216,5.09%,4.81
https://www.bylder.com/schilder/bedrijf/mevrouw-schutte-dochters-qtmxw4/,11,180,6.11%,14.99
https://www.bylder.com/elektricien/bedrijf/kroons-kleine-klussen-diijcu/,11,124,8.87%,4.94
https://www.bylder.com/stukadoor/bedrijf/hoti-stukadoor-zfstvk/,11,122,9.02%,4.35
https://www.bylder.com/elektricien/bedrijf/kristal-koel-t7dpx0/,11,118,9.32%,5.21
https://www.bylder.com/verbouwing-visualiseren-met-ai/,10,884,1.13%,29.03
https://www.bylder.com/kortingscode/miele/,10,834,1.2%,10.5
https://www.bylder.com/loodgieter/bedrijf/installatiebedrijf-j-vd-poel-g-zw40/,10,328,3.05%,10.02
https://www.bylder.com/aannemer/bedrijf/schuttingbouw-moerdijk-b-v-dcdasg/,10,272,3.68%,8.11
https://www.bylder.com/loodgieter/bedrijf/momza-loodgieter-almere-elektricien-bedrijf-almere-wglv8c/,10,146,6.85%,4.58
https://www.bylder.com/schilder/bedrijf/willems-schilderwerken-q2x6yw/,10,111,9.01%,3.56
https://www.bylder.com/aannemer/bedrijf/nexo-bouwgroep-b-v-tejtzs/,9,626,1.44%,7.49
https://www.bylder.com/nieuwbouw-gids/fase-2-bouwfase/meerwerk-nieuwbouw/,9,467,1.93%,29.74
https://www.bylder.com/schilder/bedrijf/sanders-schilderwerken-dnwvmi/,9,395,2.28%,7.97
https://www.bylder.com/loodgieter/bedrijf/a-l-van-steenbergen-cpccw4/,9,376,2.39%,7.35
https://www.bylder.com/badkamer/bedrijf/kuipers-badkamers-rji-ri/,9,189,4.76%,7.52
https://www.bylder.com/nieuwbouw-project/volharding-marum/,9,170,5.29%,8.06
https://www.bylder.com/loodgieter/bedrijf/klimax-installatiebedrijven-is0qug/,9,101,8.91%,4.04
https://www.bylder.com/elektricien/bedrijf/ml-elektro-zuid-limburg-zruaew/,9,94,9.57%,3.29
https://www.bylder.com/loodgieter/bedrijf/sultan-bouw-77fgci/,9,73,12.33%,4.74
https://www.bylder.com/kortingscode/groot-in-vloeren/,9,37,24.32%,3.19
https://www.bylder.com/loodgieter/bedrijf/daan-installatietechniek-b-v-iilgww/,8,366,2.19%,7.01
https://www.bylder.com/loodgieter/bedrijf/ventilatie-totaal-techniek-pqlcom/,8,342,2.34%,6.56
https://www.bylder.com/loodgieter/bedrijf/p-brandt-installatiebedrijf-owodgm/,8,301,2.66%,7.53
https://www.bylder.com/loodgieter/bedrijf/oomen-loodgieters-p-x7rq/,8,293,2.73%,6.84
https://www.bylder.com/badkamer/bedrijf/rjs-badkamers-yy1md4/,8,288,2.78%,8.74
https://www.bylder.com/stukadoor/bedrijf/stukadoorsbedrijf-de-baat-ncsvpm/,8,271,2.95%,4.66
https://www.bylder.com/dakkapel/bedrijf/adams-daktechniek-am4ll8/,8,261,3.07%,3.74
https://www.bylder.com/stukadoor/bedrijf/snel-stukadoor-bouw-bv-79o9og/,8,220,3.64%,5.04
https://www.bylder.com/dakkapel/bedrijf/prefatech-4xzula/,8,212,3.77%,13.38
https://www.bylder.com/nieuwbouw-gids/fase-2-bouwfase/keuken-casco-opgeleverd/,8,208,3.85%,5.73
https://www.bylder.com/dakkapel/bedrijf/dakdokter-noord-bgm7hk/,8,154,5.19%,2.8
https://www.bylder.com/aannemer/bedrijf/bouwbedrijf-heever-b-v-kcyzcc/,8,135,5.93%,4.96
https://www.bylder.com/aannemer/bedrijf/nn-bouw-yrgik0/,8,129,6.2%,6.08
https://www.bylder.com/aannemer/bedrijf/allure-bouw--zxod0/,8,120,6.67%,8.27
https://www.bylder.com/loodgieter/bedrijf/niels-kuijpers-installaties-mokngq/,8,117,6.84%,5.61
https://www.bylder.com/aannemer/bedrijf/bouwbedrijf-gervas-oozuze/,8,115,6.96%,5.32
https://www.bylder.com/loodgieter/bedrijf/loodgietersbedrijf-cremers-sbktvi/,8,113,7.08%,5.39
https://www.bylder.com/loodgieter/bedrijf/grob-installatietechniek-zevenaar-htrg1u/,8,85,9.41%,4.28
https://www.bylder.com/over-ons/,8,85,9.41%,4.76
https://www.bylder.com/aannemer/bedrijf/van-de-beeten-b-v-wybv1e/,8,63,12.7%,8.05
https://www.bylder.com/badkamer/bedrijf/studio-maris-bouw-interieur-badkamers-keukens-8rili0/,8,42,19.05%,6.12
https://www.bylder.com/en-us/guides/new-construction-walkthrough-checklist/,8,40,20%,16.18
https://www.bylder.com/badkamer/bedrijf/hornbach-bouwmarkt-zaandam-58nm1u/,7,7938,0.09%,10.98
https://www.bylder.com/loodgieter/bedrijf/rpmg-techniek-3h0u5q/,7,409,1.71%,4.06
https://www.bylder.com/badkamer/bedrijf/klusbedrijf-brabant-badkamer-verbouwen-keuken-verbouwen-6b1vx0/,7,319,2.19%,10.89
https://www.bylder.com/loodgieter/bedrijf/vari-instal-b-v-56wdck/,7,294,2.38%,7.2
https://www.bylder.com/dakkapel/bedrijf/maatgarant-keralit-gevel-dakrandbekleding-iparw8/,7,271,2.58%,13.23
https://www.bylder.com/dakkapel/bedrijf/daglichten-nederland-4xafsm/,7,270,2.59%,6.33
https://www.bylder.com/loodgieter/bedrijf/voegtechniek-van-driel-b-v-4t-gds/,7,268,2.61%,9.38
https://www.bylder.com/badkamer/bedrijf/rb-sanitair-tiel-outlet-f5zvau/,7,262,2.67%,11.25
https://www.bylder.com/loodgieter/bedrijf/loodgieter-bedrijf-bs-dienstenservice-f0s5n0/,7,253,2.77%,7.94
https://www.bylder.com/dakkapel/bedrijf/slager-dak-timmerwerken-b1ayts/,7,249,2.81%,7.81
https://www.bylder.com/loodgieter/bedrijf/pleunis-installaties-b-v-9y0uja/,7,237,2.95%,4.55
https://www.bylder.com/schilder/bedrijf/mr-vak-man-schilder-wwd2ma/,7,216,3.24%,6.68
https://www.bylder.com/dakkapel/bedrijf/wk-dakkapellen-ghaesa/,7,204,3.43%,6.06
https://www.bylder.com/aannemer/bedrijf/koz-bouw-bv-voyygm/,7,197,3.55%,5.2
https://www.bylder.com/dakkapel/bedrijf/diamo-realisatie-sittard-s8uulc/,7,189,3.7%,7.17
https://www.bylder.com/loodgieter/bedrijf/ruud-peeters-installaties-yfbhhm/,7,179,3.91%,8.54
https://www.bylder.com/schilder/bedrijf/bert-van-kruistum-fjekuk/,7,170,4.12%,8.91
https://www.bylder.com/aannemer/bedrijf/grit-bouwbedrijf-ny6r2w/,7,160,4.38%,6.38
https://www.bylder.com/badkamer/bedrijf/het-badhuys-j6ny1q/,7,139,5.04%,7.86
https://www.bylder.com/loodgieter/bedrijf/vriens-pvqe_g/,7,135,5.19%,5.81
https://www.bylder.com/kortingscode/cavetown/,7,130,5.38%,6.86
https://www.bylder.com/badkamer/bedrijf/uwmontage-r4c0uo/,7,124,5.65%,5.19
https://www.bylder.com/loodgieter/bedrijf/staps-verwarmings-en-loodgietersbedrijf-j33nu8/,7,115,6.09%,11.07
https://www.bylder.com/loodgieter/bedrijf/b-van-erve-f4tvvc/,7,110,6.36%,8.45
https://www.bylder.com/elektricien/bedrijf/dutch-electrix-b-v-e-rlty/,7,102,6.86%,5.14
https://www.bylder.com/kortingscode/homingxl/,7,54,12.96%,6
https://www.bylder.com/stukadoor/bedrijf/nick-kerssens-wand-en-plafond-afwerkingsbedrijf-kpdxgs/,7,52,13.46%,5.08
https://www.bylder.com/dakkapel/bedrijf/rijnders-verbouw-vcpf5o/,7,48,14.58%,3.9
https://www.bylder.com/loodgieter/leiden/,6,1224,0.49%,52.39
https://www.bylder.com/gietvloer/bedrijf/solo-gietvloeren-7ny38y/,6,876,0.68%,8.73
https://www.bylder.com/loodgieter/bedrijf/de-badkamer-expert-zwijndrecht-0cmsri/,6,782,0.77%,10.16
https://www.bylder.com/kennisbank/bouwtechniek/spouwmuur-opbouw/,6,736,0.82%,19.38
https://www.bylder.com/badkamer/bedrijf/velthuizen-keukens-en-badkamers-mh90gg/,6,460,1.3%,9.72
https://www.bylder.com/loodgieter/bedrijf/apa-multiservice-r-rjkk/,6,382,1.57%,6.55
https://www.bylder.com/dakkapel/bedrijf/bsb-kozijnen-p-dkpw/,6,366,1.64%,7.51
https://www.bylder.com/loodgieter/bedrijf/eureka-elektrotechniek-n073sa/,6,349,1.72%,4.23
https://www.bylder.com/schilder/bedrijf/onderhoudsbedrijf-dylan-t0labu/,6,344,1.74%,7.9
https://www.bylder.com/loodgieter/bedrijf/aannemersbedrijf-dani-rotterdam-wx33yc/,6,323,1.86%,4.85
https://www.bylder.com/loodgieter/bedrijf/verbaan-installatiebedrijf-b-v-jhhd00/,6,264,2.27%,12.19
https://www.bylder.com/dakkapel/bedrijf/dama-dakbedekkingen-ftnws0/,6,262,2.29%,7.61
https://www.bylder.com/loodgieter/bedrijf/optimus-service-03jlp0/,6,235,2.55%,4.31
https://www.bylder.com/dakkapel/bedrijf/koss-kozijnen-a7wbx4/,6,226,2.65%,5.15
https://www.bylder.com/gietvloer/bedrijf/vbh-totaalvloeren-0qzowy/,6,222,2.7%,6.42
https://www.bylder.com/loodgieter/bedrijf/installatiebedrijf-j-daniels-b-v-np4bt0/,6,215,2.79%,7.55
https://www.bylder.com/loodgieter/bedrijf/installatietechniek-richard-kerste-v-o-f-jkefys/,6,211,2.84%,7.19
https://www.bylder.com/schilder/bedrijf/martijn-van-hout-schilderw-xb4jfq/,6,184,3.26%,7.83
https://www.bylder.com/loodgieter/bedrijf/vof-technisch-servicebedrijf-van-der-leij-xkchlg/,6,180,3.33%,5.74
https://www.bylder.com/elektricien/bedrijf/wbe-installaties-nx6zm8/,6,177,3.39%,7.9
https://www.bylder.com/aannemer/bedrijf/correct-bouw-afbouw-bv-exw5lk/,6,162,3.7%,8.52
https://www.bylder.com/loodgieter/bedrijf/boumans-installatietechniek-b-v-2bszty/,6,134,4.48%,6.59
https://www.bylder.com/stukadoor/bedrijf/eisa-stukadoor-qxft2o/,6,130,4.62%,6.54
https://www.bylder.com/loodgieter/strijen/,6,127,4.72%,10.78
https://www.bylder.com/schilder/bedrijf/wefra-zwcqhy/,6,124,4.84%,6.1
https://www.bylder.com/loodgieter/bedrijf/onze-klusvrouw-femke-vx9evk/,6,124,4.84%,8.31
https://www.bylder.com/dakkapel/bedrijf/dakkwartier-rt_-by/,6,113,5.31%,8.93
https://www.bylder.com/loodgieter/bedrijf/ventilatie-muis-bv-qm-5_s/,6,108,5.56%,5.55
https://www.bylder.com/aannemer/bedrijf/bouwbedrijf-mark-jonkers-b-v-ee9pxs/,6,107,5.61%,4.76
https://www.bylder.com/loodgieter/bedrijf/hoebee-b-v-1fxs2c/,6,102,5.88%,6.42
https://www.bylder.com/stukadoor/bedrijf/rikkert-afbouwgroep-b-v-rykuue/,6,94,6.38%,4.62
https://www.bylder.com/aannemer/bedrijf/mudde-bouw-en-aannemingsbedrijf-b-v-nj4a5w/,6,90,6.67%,5.06
https://www.bylder.com/loodgieter/bedrijf/loodgietersbedrijf-vader-92twyq/,6,86,6.98%,3.48
https://www.bylder.com/aannemer/bedrijf/schoonewille-bouw-restauratie-mqumws/,6,59,10.17%,3.97
https://www.bylder.com/badkamer/bedrijf/abc-badkamers-m49z2e/,6,54,11.11%,8.54
https://www.bylder.com/dakkapel/bedrijf/markant-kozijnen-npaubk/,6,51,11.76%,6.24
https://www.bylder.com/nieuwbouw-project/corner-lofts-s-gravenhage/,6,49,12.24%,7.1
https://www.bylder.com/aannemer/bedrijf/bouwservice-wennekes-hqpexs/,6,41,14.63%,2.71
https://www.bylder.com/nieuwbouw-project/zwanenpark-vlaardingen/,6,36,16.67%,7.06
https://www.bylder.com/loodgieter/bedrijf/hesseling-v-o-f-vunemi/,5,14271,0.04%,5.74
https://www.bylder.com/kennisbank/bouwtechniek/houtskeletbouw/,5,2425,0.21%,44.91
https://www.bylder.com/nieuwbouw-gids/fase-3-oplevering/voorschouw-checklist-nieuwbouw/,5,904,0.55%,9.58
https://www.bylder.com/badkamer/bedrijf/tegel-outlet-aalsmeer-b-v--gv4mi/,5,904,0.55%,18.19
https://www.bylder.com/loodgieter/bedrijf/loodgieter-zaandam-zaans-totaal-techniek-vflgq4/,5,837,0.6%,24.35
https://www.bylder.com/loodgieter/bedrijf/knook-totaaltechniek-purmerend-0mkmji/,5,661,0.76%,6.16
https://www.bylder.com/dakkapel/bedrijf/sknn-kunststof-kozijnen-zyn-ro/,5,609,0.82%,8.29
https://www.bylder.com/schilder/bedrijf/krekels-verf-behang-gwjzvo/,5,572,0.87%,8.73
https://www.bylder.com/schilder/bedrijf/friesland-schilderwerken-wmmqpw/,5,555,0.9%,32.91
https://www.bylder.com/elektricien/bedrijf/edison-elektra-hilversum--gzze0/,5,529,0.95%,9.39
https://www.bylder.com/loodgieter/bedrijf/joop-buiteman-b-v-gu4ngu/,5,508,0.98%,6.86
https://www.bylder.com/badkamer/bedrijf/sani4all-maassluis-c6bhpe/,5,462,1.08%,13.47
https://www.bylder.com/loodgieter/bedrijf/kip-installatietechniek-uxg8o4/,5,400,1.25%,8.88
https://www.bylder.com/dakkapel/bedrijf/dakservice-boer-mgt7nk/,5,383,1.31%,5.05
https://www.bylder.com/loodgieter/bedrijf/peeters-ten-kley-installatiebedrijf-b-v-sgtffo/,5,357,1.4%,5.67
https://www.bylder.com/loodgieter/bedrijf/nestor-service-bv-vksb1i/,5,312,1.6%,7.14
https://www.bylder.com/elektricien/bedrijf/firma-g-c-baggerman-gmx_mi/,5,312,1.6%,7.72
https://www.bylder.com/badkamer/bedrijf/baderie-nootdorp-rsf_ro/,5,310,1.61%,17.29
https://www.bylder.com/schilder/bedrijf/zeeuwkleur-hzma0o/,5,305,1.64%,7.35
https://www.bylder.com/loodgieter/bedrijf/tecco-group-bv-eiznhg/,5,304,1.64%,7.57
https://www.bylder.com/elektricien/bedrijf/dw-elektra-westland-2mgym8/,5,286,1.75%,11.97
https://www.bylder.com/badkamer/bedrijf/bad-design-dongen-p3-evy/,5,285,1.75%,10.76
https://www.bylder.com/aannemer/bedrijf/ab-bouw-b-v-_vqtms/,5,262,1.91%,7.19
https://www.bylder.com/gietvloer/bedrijf/vloeren-studio-duiven-4ikbuk/,5,257,1.95%,18.13
https://www.bylder.com/kennisbank/geld-recht/offerte-rechtsgeldig/,5,250,2%,18.05
https://www.bylder.com/dakkapel/bedrijf/wijco-duurzaam-kunststoftechniek-dltyko/,5,249,2.01%,7.24
https://www.bylder.com/loodgieter/bedrijf/bokhorst-installatietechniek-b-v--3vzqg/,5,239,2.09%,7.13
https://www.bylder.com/loodgieter/bedrijf/wazoriool-24-7-rioolservice-iv-e2u/,5,215,2.33%,8.59
https://www.bylder.com/loodgieter/bedrijf/heilijgers-loodgieters-b-v-jefjmi/,5,214,2.34%,6.22
https://www.bylder.com/aannemer/bedrijf/bouwbedrijf-rene-cazemier-vof-f9mhzi/,5,211,2.37%,8.54
https://www.bylder.com/badkamer/bedrijf/bmn-showroom-home-nieuwegein-3pjkwu/,5,210,2.38%,10.29
https://www.bylder.com/loodgieter/bedrijf/klaassen-bouman-0mxiga/,5,207,2.42%,6.69
https://www.bylder.com/elektricien/bedrijf/m-m-installatie-b-v-gil6co/,5,202,2.48%,9.01
https://www.bylder.com/loodgieter/bedrijf/rademaker-installatietechniek-b-v-nlqami/,5,197,2.54%,7.36
https://www.bylder.com/loodgieter/bedrijf/de-gaswacht-5at-bw/,5,192,2.6%,8.26
https://www.bylder.com/loodgieter/bedrijf/otters-installatietechniek-9z93hq/,5,190,2.63%,8.87
https://www.bylder.com/loodgieter/bedrijf/littel-installatiebedrijf-szbyhq/,5,177,2.82%,4.1
https://www.bylder.com/badkamer/bedrijf/diamant-renovatie-bv-4fgpla/,5,176,2.84%,4.97
https://www.bylder.com/kortingscode/sanitairwinkel-nl/,5,176,2.84%,7.31
https://www.bylder.com/badkamer/bedrijf/next-badkamers-ce-fk8/,5,174,2.87%,6.57
https://www.bylder.com/aannemer/bedrijf/bouwbedrijf-gelens-b-v-l8heao/,5,173,2.89%,8.2
https://www.bylder.com/aannemer/bedrijf/sketch-bouw-b-v-ddcrpc/,5,169,2.96%,5.57
https://www.bylder.com/schilder/bedrijf/bw-coatings-6vc3es/,5,162,3.09%,5.44
https://www.bylder.com/loodgieter/bedrijf/installatiebedrijf-benneker-nbf01q/,5,156,3.21%,5.42
https://www.bylder.com/loodgieter/bedrijf/installatieburo-franken-b-v-2dgkeg/,5,142,3.52%,7.07
https://www.bylder.com/loodgieter/bedrijf/neerbos-installatietechniek-ilykqw/,5,139,3.6%,4.38
https://www.bylder.com/loodgieter/bedrijf/mn-installatietechniek--ngklw/,5,139,3.6%,9.94
https://www.bylder.com/loodgieter/bedrijf/sluijter-installatie-ausw_w/,5,138,3.62%,10.24
https://www.bylder.com/loodgieter/bedrijf/technisch-installatiebureau-goeree-b-v-mn1pn8/,5,137,3.65%,6.5
https://www.bylder.com/dakkapel/bedrijf/prodak-montage--ulzzo/,5,134,3.73%,7.47
https://www.bylder.com/loodgieter/bedrijf/baden-zo-gx9xae/,5,131,3.82%,9.34
https://www.bylder.com/aannemer/bedrijf/bouwbedrijf-peter-peters-bv-1m-xda/,5,130,3.85%,10.64
https://www.bylder.com/loodgieter/bedrijf/iwan-caalders-installaties-bv-7mepcg/,5,128,3.91%,7.09
https://www.bylder.com/loodgieter/bedrijf/stein-installaties-b-v-jn_y7s/,5,121,4.13%,12.7
https://www.bylder.com/loodgieter/bedrijf/hs-rioolservice-id5j08/,5,120,4.17%,2.89
https://www.bylder.com/loodgieter/bedrijf/van-der-hoop-installaties-damwald-39jwv4/,5,114,4.39%,6.4
https://www.bylder.com/aannemer/bedrijf/hbs-bouw-uw-schuttingspecialist-schutting-laten-plaatsen-goxmwq/,5,112,4.46%,4.79
https://www.bylder.com/elektricien/bedrijf/bas-elektro-vkmqco/,5,110,4.55%,5.16
https://www.bylder.com/aannemer/bedrijf/aannemingsbedrijf-maat-b-v-9ytf4u/,5,108,4.63%,8.55
https://www.bylder.com/badkamer/bedrijf/ac-wonen-qoicuc/,5,106,4.72%,5.99
https://www.bylder.com/loodgieter/bedrijf/loodgieter-gouda-riool-ontstoppen-gouda-lekkage-rionex-dpkp8q/,5,104,4.81%,16.49
https://www.bylder.com/loodgieter/bedrijf/c-b-k-cls-ourn0u/,5,103,4.85%,7.89
https://www.bylder.com/stukadoor/bedrijf/van-abeelen-0o62d8/,5,101,4.95%,6.52
https://www.bylder.com/loodgieter/bedrijf/avk-installatietechniek-ymx1g8/,5,100,5%,9.52
https://www.bylder.com/schilder/bedrijf/erbay-schildersbedrijf-ocqojs/,5,97,5.15%,5
https://www.bylder.com/loodgieter/bedrijf/w-a-loodgieterstechnieken-gpthla/,5,96,5.21%,5.78
https://www.bylder.com/schilder/bedrijf/schildersbedrijf-mercier-8f6as8/,5,96,5.21%,7.29
https://www.bylder.com/badkamer/bedrijf/potman-jr-keuken-en-bad-fok-9u/,5,96,5.21%,8.04
https://www.bylder.com/stukadoor/bedrijf/wit-zo-hk1poo/,5,91,5.49%,5.31
https://www.bylder.com/dakkapel/bedrijf/diamond-deuren-drc9f8/,5,85,5.88%,7.22
https://www.bylder.com/aannemer/bedrijf/koenraads-aannemersbedrijf-b-v-gasngs/,5,81,6.17%,4.65
https://www.bylder.com/stukadoor/bedrijf/stukadoorsbedrijf-kuijn-hhdvnc/,5,77,6.49%,5.04
https://www.bylder.com/loodgieter/bedrijf/van-duijvenbode-installatiebedrijf-nnpbms/,5,77,6.49%,5.23
https://www.bylder.com/loodgieter/bedrijf/beks-verwarming-i4cky4/,5,73,6.85%,4.81
https://www.bylder.com/loodgieter/bedrijf/m-van-den-broek-installatie-service-mwxegq/,5,69,7.25%,4.93
https://www.bylder.com/stukadoor/bedrijf/stucadoorsbedrijf-goudsbloem-lmczmc/,5,66,7.58%,6.33
https://www.bylder.com/loodgieter/bedrijf/paul-markwat-9eig9o/,5,66,7.58%,6.39
https://www.bylder.com/stukadoor/bedrijf/stukadoorsbedrijf-stevie-sanders-wbo-i0/,5,65,7.69%,4.17
https://www.bylder.com/aannemer/bedrijf/waterland-bouw-b-v-6dy_li/,5,63,7.94%,5.11
https://www.bylder.com/loodgieter/bedrijf/j-van-de-blaak-zn-b-v-cdvnem/,5,63,7.94%,5.67
https://www.bylder.com/stukadoor/bedrijf/heban-bouwbedrijf-weert-stukadoor-schilder-timmerwerk-afbouw-wxqf0u/,5,61,8.2%,2.95
https://www.bylder.com/aannemer/bedrijf/schippers-bouw-6lqslm/,5,52,9.62%,7.13
https://www.bylder.com/badkamer/bedrijf/designwood-ho16z4/,5,46,10.87%,4.98
https://www.bylder.com/aannemer/bedrijf/de-raad-bouw-b-v-hvuary/,5,44,11.36%,8.98
https://www.bylder.com/kortingscode/trapleuningfabriek/,5,40,12.5%,11.43
https://www.bylder.com/vouchers/goossens/,5,30,16.67%,4.8
https://www.bylder.com/gietvloer/bedrijf/mondain-eya29g/,5,24,20.83%,4
https://www.bylder.com/kortingscode/tylko/,4,5468,0.07%,8.65
https://www.bylder.com/loodgieter/bedrijf/warmteservice-tilburg-ejohpe/,4,2495,0.16%,8.59
https://www.bylder.com/badkamer/goes/,4,927,0.43%,27.3
https://www.bylder.com/aannemer/bedrijf/bouw-doe-het-zelf-markt-claassen-huishoud-kadoshop-8ciudc/,4,872,0.46%,8.36
https://www.bylder.com/loodgieter/bedrijf/warmteservice-schagen-shgu1y/,4,771,0.52%,6.95
https://www.bylder.com/badkamer/bedrijf/q1-sanitair-86ko7a/,4,700,0.57%,12.04
https://www.bylder.com/loodgieter/bedrijf/installatiebedrijf-hoeksche-waard-u-iicu/,4,605,0.66%,23.41
https://www.bylder.com/gietvloer/bedrijf/bruizt-utrecht-gietvloeren-beton-cire-80bjpq/,4,558,0.72%,7.3
https://www.bylder.com/loodgieter/bedrijf/kanters-installatietechniek-mimzlm/,4,543,0.74%,8.77
https://www.bylder.com/dakkapel/bedrijf/jr-kunststof-kozijnen-wkj6ai/,4,534,0.75%,8.84
https://www.bylder.com/loodgieter/bedrijf/de-winter-rioolservice-tqk1hy/,4,511,0.78%,7.05
https://www.bylder.com/schilder/bedrijf/elk-nijmegen-d4kvpy/,4,475,0.84%,8.38
https://www.bylder.com/loodgieter/bedrijf/assen-installatietechniek-badkamers-vntc4q/,4,464,0.86%,32.63
https://www.bylder.com/aannemer/bedrijf/breure-grondwerken-b-v-p-vlxs/,4,457,0.88%,13.5
https://www.bylder.com/loodgieter/bedrijf/rioolspot-3i0eg8/,4,442,0.9%,8.46
https://www.bylder.com/kennisbank/bouwtechniek/bouwvocht/,4,436,0.92%,14
https://www.bylder.com/dakkapel/bedrijf/denhil-kunststof-kozijnen-n-zxc0/,4,414,0.97%,8.14
https://www.bylder.com/dakkapel/bedrijf/nieuwekozijnen-l-sgo0/,4,410,0.98%,28.57
https://www.bylder.com/aannemer/bedrijf/bouwbedrijf-gebr-timmermans-7tp4ci/,4,387,1.03%,6.47
https://www.bylder.com/schilder/bedrijf/liemers-schilder-en-glaswerken-1tfroa/,4,384,1.04%,8.29
https://www.bylder.com/kortingscode/auping/,4,374,1.07%,5.62
https://www.bylder.com/elektricien/bedrijf/ro-techniek-fnj6q4/,4,364,1.1%,7.84
https://www.bylder.com/gietvloer/bedrijf/vloerenkunst-jjfvlq/,4,353,1.13%,6.92
https://www.bylder.com/schilder/bedrijf/bomers-leenen-afbouw-b-v-stukadoors-schilders-vloeren-p3k70i/,4,349,1.15%,8.5
https://www.bylder.com/aannemer/bedrijf/bouwgroep-leiden-_t3fpu/,4,348,1.15%,25.25
https://www.bylder.com/dakkapel/bedrijf/de-groot-kozijnen-b-v-hq80gw/,4,346,1.16%,5.99
https://www.bylder.com/dakkapel/bedrijf/dakwerk-nederland-wlpode/,4,324,1.23%,22.57
https://www.bylder.com/schilder/bedrijf/schildersbedrijf-wesley-efwdwy/,4,315,1.27%,6.29
https://www.bylder.com/aannemer/bedrijf/bouwbedrijf-vb-bouw-breda-dwpyss/,4,306,1.31%,8.79
https://www.bylder.com/schilder/bedrijf/rosendaal-schildergroep-1xiar8/,4,305,1.31%,11.07
https://www.bylder.com/loodgieter/bedrijf/src-lekdetectie-hz1kk0/,4,296,1.35%,14.53
https://www.bylder.com/loodgieter/bedrijf/settels-installatietechniek-mycdgg/,4,289,1.38%,5.03
https://www.bylder.com/loodgieter/bedrijf/mha-installaties-2fo9_i/,4,288,1.39%,4.51
https://www.bylder.com/badkamer/bedrijf/sanistunter-spijkenisse-xdsvpo/,4,282,1.42%,8.27
https://www.bylder.com/loodgieter/venlo/,4,280,1.43%,30.51
https://www.bylder.com/loodgieter/bedrijf/j-p-installatietechniek-cx5-8q/,4,267,1.5%,11.02
https://www.bylder.com/loodgieter/bedrijf/installatiebedrijf-parlevliet-bv-dmdyfe/,4,262,1.53%,5.81
https://www.bylder.com/loodgieter/bedrijf/p-a-van-den-dijssel-b-v-w3v6di/,4,261,1.53%,8.45
https://www.bylder.com/dakkapel/bedrijf/pinckers-dakkapellen-wti8km/,4,257,1.56%,6.78
https://www.bylder.com/loodgieter/bedrijf/fa-j-de-borst-en-zn-4h1g6s/,4,251,1.59%,7.15
https://www.bylder.com/loodgieter/bedrijf/rions-bv-nuth-pg4b78/,4,242,1.65%,16.7
https://www.bylder.com/badkamer/bedrijf/kbk-koken-baden-breukelen-iiaz3w/,4,238,1.68%,8
https://www.bylder.com/badkamer/bedrijf/klusloods-deventer-a5bk6e/,4,237,1.69%,6.45
https://www.bylder.com/loodgieter/bedrijf/reijm-installatietechniek-b-v-o2ojve/,4,236,1.69%,8.2
https://www.bylder.com/aannemer/bedrijf/dro-renovaties-jchfos/,4,234,1.71%,8.1
https://www.bylder.com/3d-sfeerimpressie/,4,225,1.78%,19.55
https://www.bylder.com/badkamer/bedrijf/het-culemborgs-badkamerhuys-qci2u4/,4,218,1.83%,18.37
https://www.bylder.com/loodgieter/bedrijf/reinigingsservice-peter-kuil-b-v-tmxfsi/,4,216,1.85%,7.76
https://www.bylder.com/loodgieter/bedrijf/loodgieter-leiden-riool-ontstoppen-leiden-lekkage-rionex-c5tecq/,4,214,1.87%,5.72
https://www.bylder.com/aannemer/bedrijf/m-kaan-totaalbouw-b-v-cotmjm/,4,213,1.88%,6.2
https://www.bylder.com/loodgieter/bedrijf/boots-kessel-b-v-dgqchi/,4,213,1.88%,6.46
https://www.bylder.com/elektricien/bedrijf/wilms-installatietechniek-fgu65g/,4,210,1.9%,9.55
https://www.bylder.com/stukadoor/bedrijf/flevostuc-stukadoorsbedrijf-lelystad-flevoland-abh0u0/,4,209,1.91%,31.79
https://www.bylder.com/loodgieter/bedrijf/duron-dt15fq/,4,206,1.94%,6.04
https://www.bylder.com/gietvloer/bedrijf/kleijn-coatings-gietvloer-en-wandsystemen-toef1s/,4,200,2%,7.46
https://www.bylder.com/aannemer/bedrijf/grausbouw-b-v-opkplc/,4,190,2.11%,6.83
https://www.bylder.com/loodgieter/bedrijf/ontstoppingsbedrijf-oss-hendriks-riooltechniek-b-v-cgx534/,4,190,2.11%,30.36
https://www.bylder.com/loodgieter/bedrijf/renr-klimaattechniek-bv-nakf5o/,4,183,2.19%,7.12
https://www.bylder.com/ruimtes/bijkeuken/,4,182,2.2%,6.13
https://www.bylder.com/dakkapel/bedrijf/dakdienst-vangelder-dakdekker-gouda-2o9yna/,4,178,2.25%,6.62
https://www.bylder.com/dakkapel/bedrijf/scheurwater-kozijnen-26krpc/,4,178,2.25%,11
https://www.bylder.com/loodgieter/bedrijf/lekdetectie-in-rotterdam-nationale-lekdetectie-sz82qw/,4,175,2.29%,24.78
https://www.bylder.com/loodgieter/bedrijf/installatiebureau-maigret-b-v-kwc7ik/,4,172,2.33%,6.09
https://www.bylder.com/stukadoor/bedrijf/stucadoorsbedrijf-mulder-b-v-dedemsvaart-qlv7a0/,4,171,2.34%,6.94
https://www.bylder.com/badkamer/bedrijf/badkamer-kitten-voegen-den-haag-6rs9to/,4,171,2.34%,9.39
https://www.bylder.com/loodgieter/bedrijf/adriaens-b-v-ynxai4/,4,170,2.35%,6.86
https://www.bylder.com/loodgieter/bedrijf/bennies-installatiebedrijf-amsterdam-loodgieter-ontstopping-ymrf-y/,4,167,2.4%,6.57
https://www.bylder.com/loodgieter/bedrijf/loodgieters-en-installatiebedrijf-havelaar-b-v-jlxp64/,4,167,2.4%,8.28
https://www.bylder.com/loodgieter/bedrijf/dso-installaties-wc2r3m/,4,166,2.41%,5.83
https://www.bylder.com/dakkapel/bedrijf/bouw-klussenbedrijf-a-r-allround-mnyxna/,4,165,2.42%,20.32
https://www.bylder.com/aannemer/bedrijf/bouwbedrijf-klinker-ic6nb4/,4,163,2.45%,6.91
https://www.bylder.com/loodgieter/bedrijf/a-m-g-loodgieter-haarlem-en-omstreken-spoed-24-7-obnaq4/,4,161,2.48%,3.81
https://www.bylder.com/aannemer/bedrijf/bouwbedrijf-leiden-t-bouw-qtljdo/,4,160,2.5%,11.18
https://www.bylder.com/loodgieter/bedrijf/installatiebedrijf-r-m-van-der-pijl-ofpkzq/,4,159,2.52%,5.6
https://www.bylder.com/schilder/bedrijf/manders-totaal-bukn_g/,4,159,2.52%,13.73
https://www.bylder.com/aannemer/bedrijf/reis-bouw-bv-pqg86q/,4,157,2.55%,13.34
https://www.bylder.com/aannemer/bedrijf/bouwbedrijf-de-winter-5vmvt0/,4,154,2.6%,6.44
https://www.bylder.com/loodgieter/bedrijf/woodapple-services-bv-uw-totaal-installateur-snj0se/,4,153,2.61%,9.29
https://www.bylder.com/loodgieter/bedrijf/goedvree-installatietechniek-b-v-xltq7s/,4,151,2.65%,7.07
https://www.bylder.com/aannemer/bedrijf/ao-bouwgroep-prk8l4/,4,148,2.7%,9.24
https://www.bylder.com/aannemer/bedrijf/tobre-scheilen-aannemersbedrijf-8sia2i/,4,143,2.8%,6.83
https://www.bylder.com/aannemer/bedrijf/reijnders-bouw-en-onderhoud-bv-j0r2kw/,4,140,2.86%,6.1
https://www.bylder.com/badkamer/bedrijf/baderie-houten-ynascq/,4,136,2.94%,9.38
https://www.bylder.com/en-us/cost/home-addition/charlotte-nc/,4,135,2.96%,13.84
https://www.bylder.com/schilder/bedrijf/schildersbedrijf-salet-b-v-tp94kg/,4,132,3.03%,10.48
https://www.bylder.com/elektricien/bedrijf/boom-elektroservice-olstxy/,4,130,3.08%,3.01
https://www.bylder.com/loodgieter/bedrijf/installatiebedrijf-b-thiessen-p7gnka/,4,130,3.08%,4.98
https://www.bylder.com/loodgieter/bedrijf/de-mol-groep-irots-bv-ghaxjg/,4,130,3.08%,5.95
https://www.bylder.com/elektricien/bedrijf/eric-meijer-electrotechniek-5loafq/,4,130,3.08%,6.34
https://www.bylder.com/loodgieter/bedrijf/installatiebureau-able-5ulhjs/,4,126,3.17%,6.34
https://www.bylder.com/loodgieter/bedrijf/lekdetectie-briljant-met-echte-24-uur-service-eaodio/,4,126,3.17%,7.75
https://www.bylder.com/dakkapel/bedrijf/dakdekker-b-kersten-dakwerken-6iwlro/,4,125,3.2%,6.12
https://www.bylder.com/stukadoor/bedrijf/ba-montage-dre9dk/,4,124,3.23%,6.4
https://www.bylder.com/dakkapel/bedrijf/uniek-geveltechniek-o6eapo/,4,124,3.23%,7.28
https://www.bylder.com/schilder/bedrijf/koopman-schilderwerken-zyldxg/,4,123,3.25%,5.93
https://www.bylder.com/elektricien/bedrijf/installatiebedrijf-sperling-xrumxs/,4,117,3.42%,6.12
https://www.bylder.com/schilder/hellevoetsluis/,4,114,3.51%,13.33
https://www.bylder.com/loodgieter/bedrijf/loodgietersbedrijf-m-kramer-b-v-ijndym/,4,113,3.54%,6.46
https://www.bylder.com/loodgieter/bedrijf/marcel-airco-en-installatietechniek-fi6ri4/,4,110,3.64%,5.08
https://www.bylder.com/aannemer/bedrijf/bouwbedrijf-schot-b-v-mwxjfa/,4,110,3.64%,7.76
https://www.bylder.com/kennisbank/keuken/stelpost-keuken-nieuwbouw/,4,109,3.67%,13.33
https://www.bylder.com/elektricien/bedrijf/hanssen-electro-service-uobjfu/,4,108,3.7%,7.25
https://www.bylder.com/aannemer/bedrijf/schut-de-aannemer-ynlko8/,4,107,3.74%,6.64
https://www.bylder.com/badkamer/bedrijf/dms-badkamers-u5wsdc/,4,106,3.77%,8.5
https://www.bylder.com/loodgieter/bedrijf/stokhorst-installatietechniek-ryeruo/,4,106,3.77%,8.54
https://www.bylder.com/aannemer/bedrijf/aannemersbedrijf-het-hofje-jxstzi/,4,105,3.81%,6.81
https://www.bylder.com/aannemer/bedrijf/mudde-bouw-en-aannemingsbedrijf-b-v-5pvtxw/,4,103,3.88%,6.27
https://www.bylder.com/loodgieter/bedrijf/bas-tensen-installatietechniek-kbu2gc/,4,103,3.88%,6.6
https://www.bylder.com/loodgieter/bedrijf/heva-klimaat-installatie-xryynu/,4,103,3.88%,8.02
https://www.bylder.com/loodgieter/bedrijf/van-oosten-installatie-b-v-xhw1fe/,4,102,3.92%,6.61
https://www.bylder.com/loodgieter/bedrijf/dries-rolde-b-v-installatietechniek-qnux0s/,4,102,3.92%,37.85
https://www.bylder.com/schilder/bedrijf/mz-schilderwerken-fey_fa/,4,101,3.96%,3.69
https://www.bylder.com/aannemer/bedrijf/t-z-bouwbedrijf-b-v-p3kzqe/,4,101,3.96%,6.78
https://www.bylder.com/badkamer/bedrijf/hornbach-vloeren-bouwmarkt-7tyscg/,4,101,3.96%,8.51
https://www.bylder.com/dakkapel/bedrijf/santos-kozijnen-amwus4/,4,100,4%,4.6
https://www.bylder.com/schilder/bedrijf/jace-schilderwerken-dechsq/,4,100,4%,5.53
https://www.bylder.com/schilder/bedrijf/schildersbedrijf-hoek-b-v-u6wwzw/,4,100,4%,10.41
https://www.bylder.com/elektricien/bedrijf/bouw-steen-installaties-pdppzq/,4,98,4.08%,5.53
https://www.bylder.com/aannemer/bedrijf/van-vorden-bouw-bv-8k89_q/,4,98,4.08%,5.74
https://www.bylder.com/loodgieter/bedrijf/verhaaren-warmtetechniek-1b0zcw/,4,96,4.17%,4.88
https://www.bylder.com/loodgieter/bedrijf/zwart-klimaattechniek-wadjei/,4,94,4.26%,4.17
https://www.bylder.com/elektricien/bedrijf/buisson-installatietechnieken-pu6lvi/,4,94,4.26%,6.05
https://www.bylder.com/elektricien/bedrijf/enet-installatietechniek-aypedq/,4,93,4.3%,5.45
https://www.bylder.com/loodgieter/bedrijf/hijmans-riooltechniek-b3tawm/,4,92,4.35%,6.46
https://www.bylder.com/schilder/bedrijf/ham-schilders-mrchdc/,4,92,4.35%,8.17
https://www.bylder.com/loodgieter/bedrijf/zandbergen-installatietechniek-ie45mi/,4,91,4.4%,4
https://www.bylder.com/schilder/bedrijf/niels-van-dijk-schilderwerken-xy_r1e/,4,91,4.4%,13.11
https://www.bylder.com/aannemer/bedrijf/veldhuisbouw-nl-sdvx-a/,4,90,4.44%,5.37
https://www.bylder.com/schilder/bedrijf/marco-schildersbedrijf-vvmjm0/,4,89,4.49%,5.15
https://www.bylder.com/aannemer/bedrijf/aannemersbedrijf-jaap-rasenberg-b-v-mv9tmi/,4,86,4.65%,7.33
https://www.bylder.com/aannemer/bedrijf/moonen-bouwkundig-advies-b-v-fnbxci/,4,84,4.76%,10.27
https://www.bylder.com/ruimtes/trapkast/,4,83,4.82%,7.95
https://www.bylder.com/loodgieter/bedrijf/loohuis-assies-installatietechnieken-bv-mtbo5m/,4,83,4.82%,8.36
https://www.bylder.com/loodgieter/bedrijf/installatiebedrijf-vereecken-5-mpr0/,4,82,4.88%,5.46
https://www.bylder.com/loodgieter/bedrijf/remco-esman-installatie-ssq9xe/,4,82,4.88%,7.4
https://www.bylder.com/schilder/bedrijf/schilders-burmania-d-gn_0/,4,80,5%,5.49
https://www.bylder.com/elektricien/bedrijf/rob-rensen-reparatie-installatie-l_s4o8/,4,80,5%,5.62
https://www.bylder.com/loodgieter/bedrijf/wm-installatietechniek-ji0y3o/,4,80,5%,7.12
https://www.bylder.com/aannemer/bedrijf/poolse-buurman-amc1qu/,4,79,5.06%,6.44
https://www.bylder.com/gietvloer/bedrijf/be-vloer-en-visie-bv-wkpcdq/,4,79,5.06%,8.22
https://www.bylder.com/kennisbank/keuken/spoelbak-kiezen/,4,79,5.06%,11.91
https://www.bylder.com/loodgieter/bedrijf/bijl-loodgietersklusjes-4mn9lo/,4,78,5.13%,3.44
https://www.bylder.com/aannemer/bedrijf/dfs-bouw-b-v-nzotec/,4,78,5.13%,5.67
https://www.bylder.com/schilder/bedrijf/pro-schilderwerken-7npom0/,4,78,5.13%,7.22
https://www.bylder.com/aannemer/bedrijf/bouwservice-d-van-der-wal-ofo1ug/,4,77,5.19%,4.71
https://www.bylder.com/loodgieter/bedrijf/nijhof-installatie-woijt8/,4,76,5.26%,6.3
https://www.bylder.com/aannemer/bedrijf/brands-bouw-b-v-mv4x2a/,4,76,5.26%,8.89
https://www.bylder.com/loodgieter/den-dungen/,4,76,5.26%,13.24
https://www.bylder.com/elektricien/bedrijf/laadklaar-rq9nqu/,4,75,5.33%,3.43
https://www.bylder.com/dakkapel/bedrijf/sens-bouw-b-v-5sj1rg/,4,75,5.33%,5.52
https://www.bylder.com/loodgieter/bedrijf/roelofs-en-van-brakel-installatietechniek-b-v-rh1g5i/,4,75,5.33%,7.17
https://www.bylder.com/loodgieter/bedrijf/hrt-holland-riooltechniek-bv-pjlk6g/,4,75,5.33%,8.28
https://www.bylder.com/elektricien/bedrijf/de-man-installaties-bzj7fs/,4,74,5.41%,5.57
https://www.bylder.com/elektricien/bedrijf/kuipers-installatiebedrijf-uhfkdw/,4,73,5.48%,7.59
https://www.bylder.com/badkamer/bedrijf/badkamer-maxx-bv-qn_7wq/,4,71,5.63%,7.15
https://www.bylder.com/loodgieter/bedrijf/de-ketelmeester-qyntsc/,4,70,5.71%,4.24
https://www.bylder.com/loodgieter/bedrijf/arno-zuidhoek-ycd8-0/,4,70,5.71%,4.5
https://www.bylder.com/stukadoor/bedrijf/mo-bouw-eusj0i/,4,69,5.8%,7.09
https://www.bylder.com/aannemer/bedrijf/alfons-bouw-tsdaus/,4,67,5.97%,4.94
https://www.bylder.com/loodgieter/bedrijf/ridge-installatietechniek-bv-sqjflw/,4,67,5.97%,6.91
https://www.bylder.com/stukadoor/bedrijf/colorstuc-stucadoren-texspuiten-mrtbvw/,4,67,5.97%,9.1
https://www.bylder.com/schilder/bedrijf/jb-spuitwerken-h2ry_y/,4,67,5.97%,15.46
https://www.bylder.com/loodgieter/bedrijf/jd-c-v-installaties-gungc8/,4,66,6.06%,5.45
https://www.bylder.com/loodgieter/bedrijf/domein-installatietechniek-bv-xw0ras/,4,64,6.25%,15.09
https://www.bylder.com/loodgieter/bedrijf/harm-gelling-beheer-b-v-ssvi9s/,4,63,6.35%,6.11
https://www.bylder.com/badkamer/bedrijf/klusbedrijf-s-pollaert-ahcwjw/,4,63,6.35%,6.78
https://www.bylder.com/stukadoor/bedrijf/stukadoor-rma-afwerkingsbedrijf-ivfzag/,4,59,6.78%,4.64
https://www.bylder.com/schilder/bedrijf/plat-en-plat-b-v-006cku/,4,59,6.78%,6.22
https://www.bylder.com/loodgieter/bedrijf/buwegs-installatie-b-v-lxpowe/,4,54,7.41%,7
https://www.bylder.com/aannemer/bedrijf/hurkmans-groep-lylcaq/,4,53,7.55%,4.28
https://www.bylder.com/elektricien/bedrijf/pj-klusservice-venlo-fhrafk/,4,53,7.55%,4.53
https://www.bylder.com/schilder/bedrijf/schildersbedrijf-palmarius-coccja/,4,53,7.55%,6.11
https://www.bylder.com/elektricien/bedrijf/odink-keukens-w1ngmc/,4,53,7.55%,11.68
https://www.bylder.com/loodgieter/bedrijf/jutphaas-elektrotechniek-l2q0f8/,4,52,7.69%,2.46
https://www.bylder.com/loodgieter/bedrijf/gs-rioolservice-5srp7m/,4,52,7.69%,3.35
https://www.bylder.com/loodgieter/bedrijf/hoekema-installatiebedrijf-nvlspq/,4,52,7.69%,9.5
https://www.bylder.com/schilder/bedrijf/vda-schilders-rvv3oy/,4,51,7.84%,4.98
https://www.bylder.com/stukadoor/bedrijf/aannemersbedrijf-geenzorgen-dtubgq/,4,51,7.84%,5.37
https://www.bylder.com/aannemer/bedrijf/a-van-der-lugt-aannemingsbedrijf-yar9me/,4,51,7.84%,7.55
https://www.bylder.com/badkamer/bedrijf/de-struker-keukens-j0jtwe/,4,51,7.84%,7.57
https://www.bylder.com/elektricien/bedrijf/installatiebedrijf-de-reest-b-v-dtlc1e/,4,50,8%,7.04
https://www.bylder.com/badkamer/bedrijf/kitmeesters-zav58c/,4,49,8.16%,4.31
https://www.bylder.com/loodgieter/bedrijf/waalder-installatietechniek-kc0h3m/,4,49,8.16%,5.53
https://www.bylder.com/badkamer/bedrijf/tegelhome-hv-wonen-oo_di8/,4,49,8.16%,7.08
https://www.bylder.com/badkamer/bedrijf/seggers-badkamers-wcshno/,4,48,8.33%,4.02
https://www.bylder.com/loodgieter/bedrijf/edwin-van-gog-jwfmuo/,4,48,8.33%,6.52
https://www.bylder.com/loodgieter/bedrijf/modernia-72k86q/,4,47,8.51%,4.62
https://www.bylder.com/loodgieter/bedrijf/yuksek-installatietechniek-n8g5v0/,4,47,8.51%,4.62
https://www.bylder.com/loodgieter/bedrijf/bernard-schulte-bv-nnye78/,4,46,8.7%,9.89
https://www.bylder.com/aannemer/bedrijf/krijgsman-bouw-swresc/,4,46,8.7%,11.5
https://www.bylder.com/badkamer/bedrijf/steven-badkamers-eecw7u/,4,45,8.89%,3
https://www.bylder.com/aannemer/bedrijf/bouwbedrijf-ed-de-gooijer-bt2ueu/,4,42,9.52%,6.9
https://www.bylder.com/schilder/bedrijf/marco-de-schilder-7pcpqm/,4,41,9.76%,3.61
https://www.bylder.com/loodgieter/bedrijf/bart-dorreboom-installatietechniek-purmerend-kqx3c4/,4,40,10%,4.53
https://www.bylder.com/aannemer/bedrijf/de-zaag-klusbedrijf-e6alok/,4,33,12.12%,4.55
https://www.bylder.com/aannemer/bedrijf/sk-totaalbouw-f3tfa8/,4,33,12.12%,5.82
https://www.bylder.com/aannemer/bedrijf/aannemersbedrijf-van-der-lee-van-der-haven-fgnnnw/,4,33,12.12%,8.03
https://www.bylder.com/meerwerk/buitenkraan/,4,32,12.5%,4.22
https://www.bylder.com/schilder/bedrijf/mv-onderhoud-schilderwerken-kstsoq/,4,30,13.33%,2.97
https://www.bylder.com/aannemer/bedrijf/tckbouw-gevelrenovatie-xhgkaw/,4,30,13.33%,3.63
https://www.bylder.com/loodgieter/bedrijf/remco-installatietechniek-ir3y7g/,4,30,13.33%,4.57
https://www.bylder.com/aannemer/bedrijf/michielse-bouwbedrijf-b-v-iptxy8/,4,30,13.33%,5.73
https://www.bylder.com/loodgieter/bedrijf/weerd-energie-pwrkx0/,4,29,13.79%,3.86
https://www.bylder.com/badkamer/bedrijf/boonen-sloop-en-renovatie-amfkng/,4,28,14.29%,3.36
https://www.bylder.com/badkamer/bedrijf/amuro-sfeermakers-marcel-louws-badkamers-0gygxa/,4,28,14.29%,6.5
https://www.bylder.com/stukadoor/bedrijf/leuering-tegelwerken-w-zkvk/,4,24,16.67%,5.08
https://www.bylder.com/aannemer/bedrijf/gommers-bszpw8/,4,23,17.39%,4.78
https://www.bylder.com/loodgieter/bedrijf/m-laarman-afxqpw/,4,21,19.05%,5.1
https://www.bylder.com/stukadoor/bedrijf/eve-stucwerken-gwp-o8/,4,20,20%,3.85
https://www.bylder.com/badkamer/bedrijf/sanitairwinkel-alkmaar-badkamers-voor-elke-dag-izzw0q/,3,2508,0.12%,53.44
https://www.bylder.com/loodgieter/bedrijf/riool-reinigings-service-rrs-rotterdam-tkuu0g/,3,1456,0.21%,12.19
https://www.bylder.com/aannemer/leiden/,3,1339,0.22%,31.01
https://www.bylder.com/loodgieter/haarlem/,3,1243,0.24%,47.72
https://www.bylder.com/stukadoor/eindhoven/,3,1191,0.25%,38.18
https://www.bylder.com/en-us/cost/home-addition/san-diego-ca/,3,999,0.3%,14.09
https://www.bylder.com/dakkapel/bedrijf/stauko-kozijnen-b-v-48ruuk/,3,985,0.3%,8.41
https://www.bylder.com/loodgieter/bedrijf/loodgieter-dordrecht-riool-ontstoppen-dordrecht-lekkage-cv-ketel-onderhoud-installatiebedrijf-midiie/,3,943,0.32%,43.78
https://www.bylder.com/badkamer/bedrijf/tcs-tegelcentrum-sanitair-o5gvac/,3,909,0.33%,7.51
https://www.bylder.com/badkamer/bedrijf/q1-sanitair-86yz_k/,3,851,0.35%,26.4
https://www.bylder.com/schilder/utrecht/,3,785,0.38%,45.84
https://www.bylder.com/loodgieter/bedrijf/loodgieter-gouda-0182-f5bc7c/,3,754,0.4%,54.52
https://www.bylder.com/loodgieter/purmerend/,3,737,0.41%,40.73
https://www.bylder.com/dakkapel/bedrijf/kozijndeal-nederland-b-v-r-adto/,3,683,0.44%,11.26
https://www.bylder.com/gietvloer/bedrijf/esco-vloeren-westerhoven-uzq6la/,3,635,0.47%,12.41
https://www.bylder.com/vouchers/auping/,3,618,0.49%,48.49
https://www.bylder.com/badkamer/bedrijf/sanidump-terneuzen-xz58ve/,3,598,0.5%,19.48
https://www.bylder.com/badkamer/bedrijf/sani4all-roosendaal-tepdqw/,3,592,0.51%,8.9
https://www.bylder.com/kennisbank/begrip/kanaalplaatvloer/,3,592,0.51%,35.28
https://www.bylder.com/badkamer/bedrijf/sani4all-vianen-8xxnjy/,3,574,0.52%,11.69
https://www.bylder.com/badkamer/bedrijf/badkamervoordeelshop-venlo-3aku_c/,3,545,0.55%,13.57
https://www.bylder.com/badkamer/bedrijf/sani4all-groningen-prm4ky/,3,538,0.56%,9.47
https://www.bylder.com/loodgieter/hilversum/,3,526,0.57%,50.92
https://www.bylder.com/badkamer/maastricht/,3,502,0.6%,20.07
https://www.bylder.com/schilder/zwijndrecht/,3,486,0.62%,29.05
https://www.bylder.com/loodgieter/bedrijf/mrs-rioleringservice-riool-ontstoppen-hoofddorp-shqbdc/,3,482,0.62%,14.29
https://www.bylder.com/bouwvergunning/gevelwijziging/,3,473,0.63%,16.07
https://www.bylder.com/vve-appartement/servicekosten/,3,451,0.67%,28.04
https://www.bylder.com/elektricien/bedrijf/klus-en-aanemers-bedrijf-hbo-totaalbouw-tta5ha/,3,418,0.72%,6.93
https://www.bylder.com/schilder/bedrijf/schildersbedrijf-g-van-gerven-cninwm/,3,416,0.72%,21.48
https://www.bylder.com/loodgieter/bedrijf/gst-gas-service-team-kk5nqq/,3,407,0.74%,7.99
https://www.bylder.com/badkamer/bedrijf/baderie-smit-utrecht-yvi_uk/,3,367,0.82%,9
https://www.bylder.com/gietvloer/bedrijf/g-vloeren-gietvloeren-jffnfq/,3,364,0.82%,9.28
https://www.bylder.com/loodgieter/bedrijf/rp-keukens-sanitair-bv-mfu-nk/,3,352,0.85%,14.67
https://www.bylder.com/loodgieter/bedrijf/bert-witsel-rioolservice-waterland-geqsao/,3,346,0.87%,7.79
https://www.bylder.com/gietvloer/bedrijf/vloertechniek-hoogeveen-kunststof-bedrijfsvloeren-bdyagc/,3,341,0.88%,12.89
https://www.bylder.com/loodgieter/zwijndrecht/,3,335,0.9%,32.8
https://www.bylder.com/loodgieter/bedrijf/installatiebedrijf-piet-van-der-bom-b-v-dbajw4/,3,332,0.9%,6.4
https://www.bylder.com/badkamer/bedrijf/refresh-bathrooms-agbqo4/,3,329,0.91%,12.81
https://www.bylder.com/kortingscode/berg-and-berg-den-haag/,3,326,0.92%,7.78
https://www.bylder.com/aannemer/bedrijf/aannemersbedrijf-dani-rotterdam-wx33yc/,3,324,0.93%,4.12
https://www.bylder.com/loodgieter/bedrijf/rioolservice-oirschot-k_74qa/,3,322,0.93%,15.11
https://www.bylder.com/loodgieter/bedrijf/loodgietersbedrijf-van-dasselaar-bv-e9tecm/,3,320,0.94%,8.44
https://www.bylder.com/loodgieter/bedrijf/lekdetectie-amsterdam-nationale-lekdetectie-15swrg/,3,319,0.94%,6.52
https://www.bylder.com/badkamer/bedrijf/badkamervoordeelshop-helmond-m3uxty/,3,311,0.96%,13.45
https://www.bylder.com/badkamer/bedrijf/van-der-stad-nijmegen-ijzerwaren-onderdeel-van-polvo-sj-msa/,3,309,0.97%,8.39
https://www.bylder.com/loodgieter/bedrijf/installatiebedrijf-verspeek-vqddhs/,3,305,0.98%,8.81
https://www.bylder.com/loodgieter/bedrijf/starke-installatietechniek-bv-1zawww/,3,297,1.01%,6.63
https://www.bylder.com/badkamer/bedrijf/aangenaam-badkamers-houten-baden-wzyfhs/,3,295,1.02%,8.41
https://www.bylder.com/loodgieter/bedrijf/installatieburo-jongsma-assen-b-v-onyfc4/,3,292,1.03%,13.99
https://www.bylder.com/loodgieter/bedrijf/alom-loodgietersbedrijf-utrecht-vzywyu/,3,286,1.05%,6.55
https://www.bylder.com/badkamer/bedrijf/sani4all-deventer-ydswf8/,3,281,1.07%,8.14
https://www.bylder.com/loodgieter/bedrijf/maaswijk-loodgieter-installatiebedrijf-kdhpsq/,3,279,1.08%,7.29
https://www.bylder.com/schilder/bedrijf/sluyter-schilderwerken-sneek-hy_hoc/,3,273,1.1%,14.36
https://www.bylder.com/loodgieter/bedrijf/centrale-verwarming-bert-gulpen-clttc4/,3,272,1.1%,6.84
https://www.bylder.com/ruimtes/balkon/,3,268,1.12%,10.52
https://www.bylder.com/loodgieter/bedrijf/derko-installatietechniek-bv-pda1uu/,3,267,1.12%,6.91
https://www.bylder.com/gietvloer/groningen/,3,266,1.13%,48.42
https://www.bylder.com/loodgieter/bedrijf/rions-riooltechniek-ikhgbq/,3,264,1.14%,28.59
https://www.bylder.com/aannemer/bedrijf/bouwservice-borger-h611k4/,3,262,1.15%,12.31
https://www.bylder.com/elektricien/alphen-aan-den-rijn/,3,258,1.16%,34.45
https://www.bylder.com/nieuwbouw/zuid-holland/,3,257,1.17%,31.63
https://www.bylder.com/aannemer/bedrijf/firma-elderman-ue9n6k/,3,254,1.18%,6.97
https://www.bylder.com/aannemer/bedrijf/aannemer-gigant-bv-cnnhv8/,3,254,1.18%,7.63
https://www.bylder.com/loodgieter/bedrijf/husve-installatietechniek-b-v-idqd2a/,3,251,1.2%,5.52
https://www.bylder.com/elektricien/bedrijf/bergmans-en-wijnen-elektro-bv-7f_cqo/,3,250,1.2%,7.81
https://www.bylder.com/badkamer/bedrijf/afbouw-in-stijl-92hbfk/,3,249,1.2%,10.03
https://www.bylder.com/loodgieter/bedrijf/sjoerd-veldman-loodgietersbedrijf-jrdyua/,3,248,1.21%,7.48
https://www.bylder.com/badkamer/bedrijf/bmn-home-showroom-nijverdal-axixdo/,3,246,1.22%,10.98
https://www.bylder.com/loodgieter/bedrijf/keteldokter-5nip4i/,3,244,1.23%,6.81
https://www.bylder.com/elektricien/bedrijf/vonkstra-elektra-storingsdienst-24-7-groepenkasten-elektra-aanleggen-en-meer-pvjcty/,3,242,1.24%,6.46
https://www.bylder.com/dakkapel/bedrijf/dakalux-showroom-9c9058/,3,241,1.24%,9.11
https://www.bylder.com/dakkapel/bedrijf/prefabxpert-kvje-g/,3,238,1.26%,10.89
https://www.bylder.com/dakkapel/bedrijf/siepel-borger-ssq0ru/,3,237,1.27%,10.22
https://www.bylder.com/dakkapel/bedrijf/ramen-4u-b-v-verkoop-montage-van-raam-en-deurkozijnen-en-dakkapellen-37bdn0/,3,234,1.28%,7.04
https://www.bylder.com/loodgieter/bedrijf/rudon-b-v-energie-installateurs-mubsio/,3,234,1.28%,12.32
https://www.bylder.com/loodgieter/bedrijf/instal-wf-b-v-6cj_oi/,3,228,1.32%,5.04
https://www.bylder.com/badkamer/bedrijf/bouwbedrijf-mark-jonkers-b-v-ee9pxs/,3,228,1.32%,6.71
https://www.bylder.com/schilder/bedrijf/husman-schilders-breda-dnlwew/,3,228,1.32%,16.99
https://www.bylder.com/loodgieter/bedrijf/the-plumbers-installatietechniek-cg2mfk/,3,226,1.33%,5.63
https://www.bylder.com/dakkapel/bedrijf/dakbeheer-totaal-dakdekker-bergen-op-zoom-1j8hgw/,3,226,1.33%,13.85
https://www.bylder.com/badkamer/bedrijf/de-badkamer-expert-zwijndrecht-0cmsri/,3,225,1.33%,9.3
https://www.bylder.com/elektricien/bedrijf/elektricien-houten-vonkstra-elektra-f-pg44/,3,225,1.33%,15.37
https://www.bylder.com/loodgieter/bedrijf/isv-installatie-service-voorburg-g29m7c/,3,224,1.34%,6.6
https://www.bylder.com/loodgieter/bedrijf/van-kooten-installatietechniek-b-v-ox0egq/,3,223,1.35%,4.69
https://www.bylder.com/badkamer/duitsland/,3,219,1.37%,12.37
https://www.bylder.com/aannemer/bedrijf/bouwkomeet-xoziw4/,3,216,1.39%,6.66
https://www.bylder.com/aannemer/bedrijf/montage-team-noord-holland-b-v-wb9nyw/,3,215,1.4%,7.97
https://www.bylder.com/loodgieter/bedrijf/zwanko-b-v-ufwqt8/,3,210,1.43%,6.17
https://www.bylder.com/aannemer/pijnacker/,3,210,1.43%,17.14
https://www.bylder.com/schilder/bedrijf/sips-schilder-onderhoud-t_mkeg/,3,209,1.44%,16.44
https://www.bylder.com/schilder/bedrijf/dekker-totaal-onderhoud-zrgmbo/,3,207,1.45%,6.1
https://www.bylder.com/loodgieter/bedrijf/firma-elderman-ue9n6k/,3,207,1.45%,9.2
https://www.bylder.com/loodgieter/bedrijf/waterman-installatietechniek-b-v-qklvpy/,3,202,1.49%,13.25
https://www.bylder.com/badkamer/bedrijf/baderie-barneveld-whdtmk/,3,202,1.49%,34.44
https://www.bylder.com/loodgieter/bedrijf/zuidema-rioleringswerken-b-v-cd8fw0/,3,200,1.5%,7.42
https://www.bylder.com/badkamer/bedrijf/van-der-stad-keukens-tegels-sanitair-qoeckq/,3,197,1.52%,11.14
https://www.bylder.com/loodgieter/bedrijf/wagner-installatietechniek-t1gfhu/,3,196,1.53%,8.57
https://www.bylder.com/aannemer/bedrijf/mco-bouwgroep-b-v-7ecggi/,3,193,1.55%,7.41
https://www.bylder.com/loodgieter/bedrijf/rudon-zeist-bv-energie-installateurs-rpmogi/,3,192,1.56%,6.64
https://www.bylder.com/en-us/guides/is-my-contractor-quote-too-high/,3,191,1.57%,5.91
https://www.bylder.com/dakkapel/bedrijf/verduin-dakwerk-en-aannemersbedrijf-475lfg/,3,190,1.58%,5.24
https://www.bylder.com/gietvloer/bedrijf/icm-projects-avr860/,3,190,1.58%,6.32
https://www.bylder.com/schilder/bedrijf/serpenti-bv-wre-zw/,3,190,1.58%,8.36
https://www.bylder.com/dakkapel/bedrijf/dakkapel-warenhuis-q9sxgw/,3,190,1.58%,10.73
https://www.bylder.com/loodgieter/bedrijf/bosman-installatietechniek-b-v-vk7sng/,3,187,1.6%,24.21
https://www.bylder.com/loodgieter/bedrijf/drechtsteden-rioolservice-muxyse/,3,186,1.61%,7.48
https://www.bylder.com/schilder/bedrijf/uw-schilderwerk-s3xa60/,3,186,1.61%,10.73
https://www.bylder.com/dakkapel/bedrijf/dakdekkersbedrijf-cakir-dak-almere-upzteo/,3,183,1.64%,4.58
https://www.bylder.com/loodgieter/bedrijf/installatiebedrijf-kusch-b-v-vxwxqw/,3,183,1.64%,7.09
https://www.bylder.com/aannemer/bedrijf/bouwmeesters-bouwgroep-abdffc/,3,183,1.64%,10.6
https://www.bylder.com/badkamer/bedrijf/baderie-veldhoven-wj10jw/,3,182,1.65%,10.84
https://www.bylder.com/loodgieter/bedrijf/gevelaar-wdit9g/,3,181,1.66%,5.48
https://www.bylder.com/loodgieter/bedrijf/van-den-bosch-maarssen-osz2rw/,3,177,1.69%,28.08
https://www.bylder.com/badkamer/bedrijf/badkamer-renovatie-mb-bouw-design-zdkwes/,3,174,1.72%,9.68
https://www.bylder.com/loodgieter/bedrijf/aqua-meijers-bv-vxwosk/,3,173,1.73%,7.15
https://www.bylder.com/loodgieter/bedrijf/wessels-installatietechniek-lu9_n8/,3,173,1.73%,7.2
https://www.bylder.com/loodgieter/bedrijf/installatiebedrijf-m-rinzema-b-v-dygciy/,3,172,1.74%,31.09
https://www.bylder.com/schilder/bedrijf/schildersbedrijf-reinders-a_yxu8/,3,171,1.75%,9.04
https://www.bylder.com/loodgieter/bedrijf/rioolontstoppingsdienst-heikamp-ede-z7fca0/,3,168,1.79%,10.94
https://www.bylder.com/aannemer/bedrijf/bouwbedrijf-van-stiphout-opfai8/,3,166,1.81%,8.21
https://www.bylder.com/aannemer/bedrijf/bquaam-brabants-bouwbedrijf-gqf2ls/,3,165,1.82%,6.82
https://www.bylder.com/schilder/bedrijf/verfex-expert-in-verf-oiltyu/,3,165,1.82%,7.45
https://www.bylder.com/loodgieter/wijchen/,3,164,1.83%,43.98
https://www.bylder.com/loodgieter/bedrijf/cornelissen-installatietechniek-rwqnfk/,3,163,1.84%,6.34
https://www.bylder.com/aannemer/bedrijf/aannemer-zwolle-1h0o4c/,3,163,1.84%,36.25
https://www.bylder.com/loodgieter/bedrijf/heduro-installatietechniek-cv-monteur-breda-arypws/,3,162,1.85%,7.32
https://www.bylder.com/loodgieter/bedrijf/van-de-vooren-utrecht-b-v-gfwyai/,3,161,1.86%,4.6
https://www.bylder.com/stukadoor/bedrijf/mrd-stukadoor-9dwrxi/,3,161,1.86%,6.61
https://www.bylder.com/dakkapel/bedrijf/hk-vastgoed-onderhoud-amsterdam-b39axg/,3,159,1.89%,5.89
https://www.bylder.com/dakkapel/bedrijf/vdb-kunststofkozijnen-zuoj2i/,3,159,1.89%,8.31
https://www.bylder.com/auping-korting-nieuwbouw-verhuizen/,3,159,1.89%,39.92
https://www.bylder.com/loodgieter/bedrijf/ham-technische-installatie-bv-sbyszw/,3,158,1.9%,7.78
https://www.bylder.com/loodgieter/bedrijf/vijfhuizenservice-b-v-loylni/,3,158,1.9%,24.48
https://www.bylder.com/loodgieter/bedrijf/juran-verwarming-s29zv4/,3,157,1.91%,7.55
https://www.bylder.com/aannemer/bedrijf/hamacher-schilderwerken-azjey8/,3,157,1.91%,8.81
https://www.bylder.com/badkamer/bedrijf/b-dutch-hyv9mk/,3,157,1.91%,21.29
https://www.bylder.com/loodgieter/bedrijf/seghers-loodgieters-6l4g-u/,3,155,1.94%,5.71
https://www.bylder.com/schilder/bedrijf/pracht-totaalonderhoud-b-v-wyyycs/,3,155,1.94%,7.27
https://www.bylder.com/dakkapel/bedrijf/lekk-b-v-yvxjau/,3,155,1.94%,7.52
https://www.bylder.com/dakkapel/bedrijf/albeka-trappen-en-kozijnen-kxa57o/,3,154,1.95%,5.68
https://www.bylder.com/loodgieter/bedrijf/de-wit-installatietechniek-sjivoa/,3,154,1.95%,9.66
https://www.bylder.com/elektricien/dordrecht/,3,154,1.95%,25.71
https://www.bylder.com/gietvloer/bedrijf/bvl-gietvloeren-b-v-ye_13u/,3,153,1.96%,9.54
https://www.bylder.com/schilder/bedrijf/te-mebel-vastgoedonderhoud-b-v-ouvpau/,3,152,1.97%,7.99
https://www.bylder.com/elektricien/bedrijf/heuvelman-totaalinstallatie-voorheen-roest-en-heuvelman-elektrotechniek-b-v-ouncdu/,3,149,2.01%,6.75
https://www.bylder.com/schilder/bedrijf/wits-zuid-b-v-3aqm5q/,3,149,2.01%,7.96
https://www.bylder.com/badkamer/bedrijf/sani4all-amsterdam-5rbb3c/,3,148,2.03%,7.74
https://www.bylder.com/loodgieter/bedrijf/t-s-r-technische-installaties-0o8dsi/,3,147,2.04%,6.81
https://www.bylder.com/elektricien/bedrijf/volt-elektro-service-bmdpbw/,3,147,2.04%,8.59
https://www.bylder.com/aannemer/bedrijf/deckers-bouw-renovatie-t_aods/,3,146,2.05%,7.25
https://www.bylder.com/badkamer/bedrijf/svea-keuken-en-bad-eindhoven-dovdve/,3,146,2.05%,9.87
https://www.bylder.com/elektricien/bedrijf/dura-groep-b-v-cewynw/,3,144,2.08%,5.69
https://www.bylder.com/loodgieter/bedrijf/luijten-verwarming-bv-z2xwxg/,3,144,2.08%,7.06
https://www.bylder.com/aannemer/bedrijf/bouwbedrijf-gert-jansen-b-v-umd1og/,3,144,2.08%,7.13
https://www.bylder.com/badkamer/bedrijf/korthout-sanitair-tegels-p-usty/,3,144,2.08%,7.41
https://www.bylder.com/loodgieter/bedrijf/loodgietersbedrijf-joosen-hm6qe0/,3,143,2.1%,6.27
https://www.bylder.com/loodgieter/bedrijf/jch-loodgietersbedrijf-yt84ho/,3,143,2.1%,14.71
https://www.bylder.com/loodgieter/bedrijf/griffijn-cv-installatietechniek-uwgm34/,3,140,2.14%,6.8
https://www.bylder.com/loodgieter/bedrijf/ayla-installaties-es9me0/,3,137,2.19%,4.99
https://www.bylder.com/loodgieter/bedrijf/dibo-installatietechniek-b-v-h9jw4g/,3,137,2.19%,6.72
https://www.bylder.com/loodgieter/bedrijf/van-dijk-installatie-z7r8n0/,3,137,2.19%,8.34
https://www.bylder.com/elektricien/bedrijf/noort-elektrotechniek-bv-w8e1js/,3,136,2.21%,14.97
https://www.bylder.com/badkamer/bedrijf/baden-zo-gx9xae/,3,135,2.22%,7.68
https://www.bylder.com/loodgieter/bedrijf/installatiebedrijf-wim-bosman-1z6ir8/,3,135,2.22%,7.98
https://www.bylder.com/loodgieter/bedrijf/merkx-installatiewerken-b-v-fsnxoy/,3,134,2.24%,5
https://www.bylder.com/dakkapel/bedrijf/aannemersbedrijf-bodijn-leiden-belces/,3,134,2.24%,5.62
https://www.bylder.com/aannemer/bedrijf/janssen-bouwen-l-ontwikkelen-fee220/,3,132,2.27%,11.39
https://www.bylder.com/loodgieter/bedrijf/installatiebedrijf-goes-plooy-b-v-_9d7i0/,3,131,2.29%,6.42
https://www.bylder.com/loodgieter/bedrijf/amerongen-rioolbeheer-bv-riooldienst-eemland-mu0p54/,3,131,2.29%,13.23
https://www.bylder.com/loodgieter/heerhugowaard/,3,131,2.29%,38.04
https://www.bylder.com/loodgieter/bedrijf/frank-peeters-elektro-b-v-pasl58/,3,129,2.33%,6.48
https://www.bylder.com/elektricien/bedrijf/stroo-energy-solutions-gxupm4/,3,128,2.34%,6.42
https://www.bylder.com/loodgieter/bedrijf/dkm-de-rioolspecialist-pdw0sy/,3,127,2.36%,19.35
https://www.bylder.com/stukadoor/bedrijf/stucadoorsbedrijf-gortemaker-n1uone/,3,126,2.38%,7.67
https://www.bylder.com/aannemer/bedrijf/haje-verbouw-gua4-e/,3,125,2.4%,6.19
https://www.bylder.com/dakkapel/bedrijf/dijkstra-bouw-wierden-nyjb_y/,3,125,2.4%,11.7
https://www.bylder.com/loodgieter/bedrijf/installatiebedrijf-spruijt-o90rvc/,3,125,2.4%,13.61
https://www.bylder.com/elektricien/bedrijf/installatie-techniek-noordwolde-b-v-syvigo/,3,125,2.4%,22.78
https://www.bylder.com/loodgieter/bedrijf/mb-klimaattechniek-bv-eeyseo/,3,123,2.44%,5.9
https://www.bylder.com/loodgieter/bedrijf/daman-installatietechniek-24-7-b555dc/,3,122,2.46%,5.02
https://www.bylder.com/loodgieter/bedrijf/esveld-installatie-jmq6c4/,3,122,2.46%,10.63
https://www.bylder.com/stukadoor/bedrijf/alleblas-stukadoors-b-v--vulag/,3,121,2.48%,5.89
https://www.bylder.com/loodgieter/bedrijf/heat-consult-xdhoi0/,3,121,2.48%,5.97
https://www.bylder.com/loodgieter/bedrijf/corne-van-poppel-loodgietersbedrijf-wz0hfw/,3,121,2.48%,6.88
https://www.bylder.com/dakkapel/bedrijf/rdv-dak-dakwerkzaamheden-ar38fw/,3,120,2.5%,8.44
https://www.bylder.com/loodgieter/bedrijf/de-rooij-b-v-cvp8bm/,3,120,2.5%,9.09
https://www.bylder.com/aannemer/bedrijf/peters-bouw-en-onderhoud-b-v-dc2irs/,3,120,2.5%,9.44
https://www.bylder.com/loodgieter/bedrijf/robert-ravenhorst-rioolservice-ckqytk/,3,119,2.52%,6.6
https://www.bylder.com/loodgieter/bedrijf/ontstoppingsbedrijf-dos-duurzaam-mom_ts/,3,118,2.54%,5.49
https://www.bylder.com/elektricien/bedrijf/mt-elektro-elektricien-utrecht-qgawuw/,3,118,2.54%,6.55
https://www.bylder.com/aannemer/bedrijf/schuyren-installatietechniek-b-v-4ova20/,3,118,2.54%,6.88
https://www.bylder.com/schilder/bedrijf/prins-schilderwerken-b-v-48fgx8/,3,118,2.54%,7.48
https://www.bylder.com/loodgieter/bedrijf/hts-installatietechniek-y8xaxk/,3,117,2.56%,4.26
https://www.bylder.com/elektricien/bedrijf/vti-oss-verhoeven-technische-installaties-elektrotechniek-aaae80/,3,117,2.56%,5.62
https://www.bylder.com/loodgieter/bedrijf/installatiebedrijf-van-dalen-xf-vbg/,3,117,2.56%,10.32
https://www.bylder.com/loodgieter/bedrijf/m-j-visser-ibp2zm/,3,116,2.59%,4.64
https://www.bylder.com/loodgieter/bedrijf/loodgietersbedrijf-nero-mrtktk/,3,116,2.59%,5.56
https://www.bylder.com/dakkapel/bedrijf/nh-dak-lekkages-3ndvze/,3,115,2.61%,5.59
https://www.bylder.com/elektricien/bedrijf/van-der-velde-solar-dzhemi/,3,115,2.61%,8.21
https://www.bylder.com/elektricien/castricum/,3,115,2.61%,17.34
https://www.bylder.com/loodgieter/bedrijf/vdv-installaties-zonnepanelen-airco-thuisbatterijen-wull28/,3,114,2.63%,6.52
https://www.bylder.com/elektricien/bedrijf/dutch-electrician-amsterdam-mckad0/,3,114,2.63%,10.34
https://www.bylder.com/badkamer/bedrijf/geurts-van-bergen-b-v-dki-w4/,3,113,2.65%,24.49
https://www.bylder.com/loodgieter/bedrijf/baderie-van-den-boomen-eersel-47gmo8/,3,112,2.68%,11.04
https://www.bylder.com/schilder/bedrijf/lv-schilderwerken-t1e-wg/,3,111,2.7%,4.9
https://www.bylder.com/loodgieter/bedrijf/m-j-oomen-moerdijk-f30cfa/,3,111,2.7%,5.51
https://www.bylder.com/dakkapel/bedrijf/hc-bouwen-wo9-qy/,3,110,2.73%,13.52
https://www.bylder.com/schilder/bedrijf/fred-engels-schilderwerken-b-v-uw-schilderwerk-in-goede-handen-cjysr4/,3,109,2.75%,5.66
https://www.bylder.com/dakkapel/bedrijf/s-t-a-m-kozijnen-kunstof-kozijnen-horren-rolluiken-wor6zq/,3,109,2.75%,6.23
https://www.bylder.com/loodgieter/bedrijf/hafkamp-installatietechniek-b-v-lxdk2q/,3,109,2.75%,6.83
https://www.bylder.com/stukadoor/bedrijf/osm-stucwerk-rvjhum/,3,108,2.78%,5.93
https://www.bylder.com/en-us/cost/deck-building/san-antonio-tx/,3,108,2.78%,7.8
https://www.bylder.com/dakkapel/bedrijf/danmon-kunststof-kozijnen-vof-7s8d8c/,3,107,2.8%,5.58
https://www.bylder.com/schilder/loppersum/,3,107,2.8%,8.36
https://www.bylder.com/loodgieter/bedrijf/de-wit-installatietechniek-mp9r0k/,3,107,2.8%,11.27
https://www.bylder.com/schilder/bedrijf/spuitwerk-op-maat-f9ohda/,3,107,2.8%,18.99
https://www.bylder.com/loodgieter/bedrijf/runge-liner-rioolrenovatie-xigrri/,3,106,2.83%,5.45
https://www.bylder.com/loodgieter/bedrijf/risero-rioolservice-w0tjkg/,3,106,2.83%,5.61
https://www.bylder.com/loodgieter/bedrijf/technisch-buro-hendriks-txag2a/,3,106,2.83%,6.6
https://www.bylder.com/loodgieter/bedrijf/van-taarling-installatietechniek-zupksa/,3,104,2.88%,8.88
https://www.bylder.com/schilder/bedrijf/van-loo-schilderwerken-ogmvo4/,3,104,2.88%,9.65
https://www.bylder.com/dakkapel/bedrijf/pex-dakbedekkingen-bv-rndmui/,3,103,2.91%,6.72
https://www.bylder.com/loodgieter/bedrijf/zeo-denhaag-hyopw0/,3,103,2.91%,6.78
https://www.bylder.com/aannemer/bedrijf/bouwbedrijf-van-der-doorn-a_20ho/,3,103,2.91%,7.05
https://www.bylder.com/loodgieter/bedrijf/de-haas-montage-maurik-cczxfy/,3,103,2.91%,7.97
https://www.bylder.com/dakkapel/bedrijf/expat-renov8-zpotoa/,3,101,2.97%,6.45
https://www.bylder.com/dakkapel/bedrijf/kuramo-kunststof-kozijnen-eetsxc/,3,101,2.97%,8.66
https://www.bylder.com/loodgieter/bedrijf/instalcenter-de-goede-b5vd1o/,3,100,3%,8.25
https://www.bylder.com/elektricien/bedrijf/techniko-installatie-b-v-0gszzg/,3,100,3%,9.09
https://www.bylder.com/loodgieter/bedrijf/mr-installatie-mcvlhg/,3,99,3.03%,5.9
https://www.bylder.com/aannemer/diemen/,3,99,3.03%,9.83
https://www.bylder.com/loodgieter/bedrijf/adk-installatie-en-onderhoudsbedrijf-yenysc/,3,98,3.06%,7.19
https://www.bylder.com/dakkapel/bedrijf/rico-dak-en-timmerwerken-ft-7cu/,3,96,3.12%,4.85
https://www.bylder.com/badkamer/bedrijf/kauf-installatietechniek-ewficw/,3,96,3.12%,5.77
https://www.bylder.com/elektricien/bedrijf/ac-electro-l0wbrm/,3,96,3.12%,6.7
https://www.bylder.com/badkamer/bedrijf/van-de-beek-duursema-99ivyo/,3,96,3.12%,9.16
https://www.bylder.com/loodgieter/bedrijf/zijlstra-leens-installaties-en-dakwerken-ahhmhw/,3,96,3.12%,16.02
https://www.bylder.com/aannemer/bedrijf/bylders-renovatie-en-bouwbedrijf-b-v-6sub6c/,3,95,3.16%,3.53
https://www.bylder.com/badkamer/bedrijf/lohuis-badkamers-vof-uz-l30/,3,95,3.16%,6.69
https://www.bylder.com/elektricien/bedrijf/steenbergen-elektrotechniek-jgv7fm/,3,94,3.19%,4.88
https://www.bylder.com/wonen-in/zevenaar/,3,94,3.19%,8.68
https://www.bylder.com/dakkapel/bedrijf/sander-damen-bouw-timmerwerken-yvlnuy/,3,93,3.23%,6.43
https://www.bylder.com/schilder/bedrijf/cps-premiumtm-gmeeay/,3,93,3.23%,6.88
https://www.bylder.com/gietvloer/bedrijf/knulst-vloeren-2yt564/,3,93,3.23%,9.8
https://www.bylder.com/loodgieter/bedrijf/ks-elektra-zwolle-r1lbmi/,3,92,3.26%,5.42
https://www.bylder.com/elektricien/bedrijf/engeltherm-oost-9dekxw/,3,92,3.26%,7.67
https://www.bylder.com/stukadoor/bedrijf/plafondspuiter-a-willemsen-l9ezwm/,3,92,3.26%,11.35
https://www.bylder.com/aannemer/bedrijf/eijkerbouw-b-v-de-betrouwbare-partner-voor-levering-van-uw-houten-kozijnen-m1y4su/,3,91,3.3%,6.34
https://www.bylder.com/aannemer/bedrijf/van-wijnen-bergen-op-zoom-xrpywu/,3,91,3.3%,6.68
https://www.bylder.com/loodgieter/bedrijf/broers-iohaj0/,3,90,3.33%,6.88
https://www.bylder.com/stukadoor/bedrijf/toni-schildersbedrijf-b-v-tsrty8/,3,90,3.33%,7.01
https://www.bylder.com/schilder/bedrijf/de-schilder-sterk-in-verf-igipfa/,3,90,3.33%,12.18
https://www.bylder.com/loodgieter/bedrijf/db-installatie-techniek-zl9gak/,3,89,3.37%,7.82
https://www.bylder.com/schilder/bedrijf/bont-schilderwerken-9aqyse/,3,88,3.41%,3.56
https://www.bylder.com/loodgieter/bedrijf/van-halteren-installatietechniek-b-v-m8wlbc/,3,88,3.41%,6.97
https://www.bylder.com/schilder/bedrijf/schildersbedrijf-wim-ebbers-doetinchem-kgjk3a/,3,88,3.41%,8.2
https://www.bylder.com/schilder/bedrijf/schildersbedrijf-edberg-u3xxai/,3,87,3.45%,5.36
https://www.bylder.com/ai-muurkleur-testen-kleuradvies/,3,87,3.45%,43.9
https://www.bylder.com/schilder/bedrijf/martijn-bakker-schilderwerken-pmaqiu/,3,86,3.49%,6.03
https://www.bylder.com/loodgieter/bedrijf/pola-installatietechniek-ht8qgk/,3,86,3.49%,7.34
https://www.bylder.com/loodgieter/bedrijf/lektec-lekkage-opsporen-met-lekdetectie-af__kc/,3,86,3.49%,17.08
https://www.bylder.com/aannemer/bedrijf/van-kampen-bouwbedrijf-bv-escit4/,3,84,3.57%,6.64
https://www.bylder.com/aannemer/bedrijf/visscher-totaalbouw-meppel-czrlqg/,3,84,3.57%,10.95
https://www.bylder.com/elektricien/bedrijf/technisch-installatiebedrijf-leeuwarden-_iljio/,3,84,3.57%,12.01
https://www.bylder.com/loodgieter/bedrijf/maas-tegel-loodgieter-o47o2s/,3,83,3.61%,3.43
https://www.bylder.com/loodgieter/bedrijf/warmerdam-installatietechniek-b-v-ojwjj0/,3,83,3.61%,7.14
https://www.bylder.com/aannemer/bedrijf/bijlbouw-b-v-_swwmw/,3,82,3.66%,6.43
https://www.bylder.com/aannemer/bedrijf/bouwbedrijf-dolstra-ddvmq8/,3,82,3.66%,6.82
https://www.bylder.com/gietvloer/bedrijf/sterk-vloerverwijdering-tapijt-pvc-parket-en-trapbekleding-verwijderen-s8eghg/,3,81,3.7%,6.01
https://www.bylder.com/aannemer/bedrijf/aannemersbedrijf-kersbergen-dcpy7e/,3,81,3.7%,17.21
https://www.bylder.com/aannemer/bedrijf/bouwonderneming-stout-b-v-wgqw0y/,3,80,3.75%,7.39
https://www.bylder.com/loodgieter/bedrijf/gevo-installatietechniek-ap_qfk/,3,79,3.8%,5.87
https://www.bylder.com/aannemer/bedrijf/ala-bouw-b-v-p2h1oe/,3,79,3.8%,6.3
https://www.bylder.com/loodgieter/bedrijf/loodgieter-van-der-geld-bussum-idhwho/,3,79,3.8%,6.37
https://www.bylder.com/aannemer/bedrijf/cjk-bouw-haarlem-ys4z84/,3,79,3.8%,6.58
https://www.bylder.com/loodgieter/bedrijf/lanting-technische-installaties-ns6ohm/,3,79,3.8%,7.33
https://www.bylder.com/aannemer/bedrijf/bouwbedrijf-torn-broers-b-v-8ifi34/,3,78,3.85%,5.38
https://www.bylder.com/loodgieter/bedrijf/kuipers-installatiebedrijf-uhfkdw/,3,78,3.85%,6
https://www.bylder.com/schilder/bedrijf/glascentrale-ridderkerk-b-v-ridderkerk-oosterhout-72fnpc/,3,78,3.85%,7.45
https://www.bylder.com/schilder/bedrijf/schildersbedrijf-het-hoge-noorden-nipr4c/,3,78,3.85%,7.63
https://www.bylder.com/aannemer/bedrijf/sinnige-bouw-heerhugowaard-bv-uor-tw/,3,77,3.9%,6.74
https://www.bylder.com/dakkapel/bedrijf/dakkapellen-maatje-y2vjpa/,3,77,3.9%,7.42
https://www.bylder.com/badkamer/bedrijf/badkamervoordeelshop-almere-4tcghq/,3,77,3.9%,9.97
https://www.bylder.com/loodgieter/bedrijf/techniek-apeldoorn-cz2gxu/,3,76,3.95%,26.68
https://www.bylder.com/schilder/bedrijf/jjh-schilderwerken-onderhoud-luqj6e/,3,74,4.05%,6.45
https://www.bylder.com/stukadoor/bedrijf/the-finishing-touch-g5ymbs/,3,74,4.05%,8.22
https://www.bylder.com/dakkapel/bedrijf/meulendijks-dakwerken-bv-vq1ck8/,3,74,4.05%,8.72
https://www.bylder.com/badkamer/bedrijf/droombadkamer-4vszek/,3,73,4.11%,6.97
https://www.bylder.com/loodgieter/bedrijf/oomen-loodgieters-lgmita/,3,72,4.17%,4.94
https://www.bylder.com/loodgieter/bedrijf/installatiebedrijf-arjen-zoll-5ja2z0/,3,72,4.17%,7.32
https://www.bylder.com/badkamer/bedrijf/beerens-roggel-b-v-ugt20q/,3,72,4.17%,16.29
https://www.bylder.com/dakkapel/bedrijf/den-hertog-reiniging-tdp4xc/,3,71,4.23%,4.55
https://www.bylder.com/aannemer/bedrijf/zetstra-bouw-groningen-onzwqg/,3,71,4.23%,5.8
https://www.bylder.com/nieuwbouw-project/soeterdael-zoetermeer/,3,71,4.23%,6.35
https://www.bylder.com/badkamer/bedrijf/sanitairluxe--00af4/,3,71,4.23%,11.82
https://www.bylder.com/loodgieter/bedrijf/lekdetectie-utrecht-nationale-lekdetectie-bm3x-w/,3,71,4.23%,15.63
https://www.bylder.com/loodgieter/bedrijf/hensbergen-b-v-awi4js/,3,70,4.29%,4.21
https://www.bylder.com/dakkapel/bedrijf/aannemersbedrijf-j-s-siemensma-0ilaek/,3,70,4.29%,5.14
https://www.bylder.com/dakkapel/bedrijf/iwrap-pgjt9u/,3,70,4.29%,5.2
https://www.bylder.com/aannemer/bedrijf/kisters-bouwservice-techniek-yojuqw/,3,70,4.29%,5.7
https://www.bylder.com/loodgieter/bedrijf/bart-peeters-installatietechniek-etq6bo/,3,70,4.29%,7.11
https://www.bylder.com/badkamer/bedrijf/kammeraad-keukens-interieur-bwqmus/,3,69,4.35%,7.62
https://www.bylder.com/stukadoor/bedrijf/mw-stukadoorsbedrijf-wr6k98/,3,69,4.35%,9.83
https://www.bylder.com/loodgieter/bedrijf/loodgietersbedrijf-j-kroon-c9auqg/,3,68,4.41%,5.21
https://www.bylder.com/elektricien/bedrijf/abem-service-3i7zpc/,3,68,4.41%,6.34
https://www.bylder.com/dakkapel/bedrijf/p-a-bouw-b-v-nvyhb8/,3,68,4.41%,6.79
https://www.bylder.com/schilder/bedrijf/schildersbedrijf-wilco-jansen-jge56i/,3,68,4.41%,11.03
https://www.bylder.com/dakkapel/bedrijf/dakraamlimburg-wttqxi/,3,68,4.41%,25.01
https://www.bylder.com/badkamer/bedrijf/bewust-sanitair-badkamer-toilet-wandpanelen-renovatie-gyplsa/,3,67,4.48%,4.09
https://www.bylder.com/aannemer/bedrijf/bouwbedrijf-van-emden-knb07w/,3,67,4.48%,4.93
https://www.bylder.com/schilder/bedrijf/schildersbedrijf-meulendijks-b-v-38t-is/,3,67,4.48%,7.46
https://www.bylder.com/aannemer/bedrijf/b2s-bouw-5y2pdm/,3,67,4.48%,7.48
https://www.bylder.com/meerwerk/stopcontacten/,3,66,4.55%,5.23
https://www.bylder.com/loodgieter/bedrijf/ruud-brondsema-loodgieter-rniaps/,3,66,4.55%,5.73
https://www.bylder.com/aannemer/bedrijf/nijsten-bouwbedrijf-b-v-jy6elu/,3,66,4.55%,5.86
https://www.bylder.com/schilder/bedrijf/gloudemans-schilderwerken-5w_6we/,3,66,4.55%,6.35
https://www.bylder.com/ai-verhuisassistent-slimme-planner/,3,66,4.55%,7.88
https://www.bylder.com/loodgieter/bedrijf/i-van-noord-installatiebedrijf-e1eo50/,3,65,4.62%,6.23
https://www.bylder.com/elektricien/bedrijf/van-tol-installatiebedrijf-tqbl-s/,3,65,4.62%,7.06
https://www.bylder.com/schilder/bedrijf/vankan-schilderwerken-bv-x4s8ms/,3,65,4.62%,7.88
https://www.bylder.com/loodgieter/bedrijf/installatiebedrijf-koos-kersten-k00d5w/,3,64,4.69%,6.02
https://www.bylder.com/loodgieter/bedrijf/ph-techniek-wc2xzg/,3,64,4.69%,6.16
https://www.bylder.com/elektricien/bedrijf/m-de-vries-installatie-en-montagebedrijf-ibowva/,3,64,4.69%,7.33
https://www.bylder.com/aannemer/bedrijf/bouwbedrijf-lingers-van-de-paal-bv-rrndn8/,3,63,4.76%,4.94
https://www.bylder.com/aannemer/bedrijf/van-der-heijden-bouw-en-ontwikkeling-schaijk-zcbb4w/,3,63,4.76%,13.25
https://www.bylder.com/loodgieter/bedrijf/t-van-os-installatietechniek-h8ki50/,3,62,4.84%,3.47
https://www.bylder.com/elektricien/bedrijf/vd-ruitenbeek-installaties-b-v-xykitq/,3,62,4.84%,5.42
https://www.bylder.com/gietvloer/bedrijf/c-kornuyt-bv--1knd0/,3,62,4.84%,5.69
https://www.bylder.com/schilder/bedrijf/schildersbedrijf-jo-loozen-zn-b-v-jbx5ve/,3,62,4.84%,6.08
https://www.bylder.com/loodgieter/bedrijf/niemark-techniek-b-v-2vsz2w/,3,62,4.84%,7.26
https://www.bylder.com/stukadoor/bedrijf/stevens-stukadoor-en-afbouwbedrijf-ih9xhm/,3,62,4.84%,8.15
https://www.bylder.com/loodgieter/bedrijf/rions-bv-cayiee/,3,62,4.84%,16.55
https://www.bylder.com/aannemer/bedrijf/gooi-s-bouwbedrijf-g-b-b-b-v-ttqnf8/,3,62,4.84%,18.34
https://www.bylder.com/stukadoor/bedrijf/a7-stuc-en-spackbedrijf-drachten-i5w5hs/,3,62,4.84%,20.68
https://www.bylder.com/badkamer/bedrijf/rudon-zeist-bv-energie-installateurs-rpmogi/,3,61,4.92%,13.84
https://www.bylder.com/badkamer/bedrijf/vallarta-de-sanitair-discounter-xzkvgc/,3,60,5%,4.2
https://www.bylder.com/loodgieter/bedrijf/loodgietersbedrijf-h-hoek-vmxhta/,3,60,5%,7.12
https://www.bylder.com/aannemer/bedrijf/bouwbedrijf-th-van-kasteren-jcm0qm/,3,59,5.08%,7.1
https://www.bylder.com/elektricien/bedrijf/vriend-b-v-j5shni/,3,59,5.08%,18.58
https://www.bylder.com/dakkapel/bedrijf/bouwbedrijf-cops-aannemer-someren-asten-a4kmty/,3,58,5.17%,6.5
https://www.bylder.com/aannemer/bedrijf/vriesbouw-bdvhek/,3,58,5.17%,7.98
https://www.bylder.com/elektricien/landgraaf/,3,58,5.17%,13.17
https://www.bylder.com/elektricien/bedrijf/bosma-installatietechniek-bv-kbss4o/,3,58,5.17%,16.5
https://www.bylder.com/elektricien/bedrijf/mattheus-9hmogk/,3,57,5.26%,5.09
https://www.bylder.com/dakkapel/bedrijf/jmdbouw-kunststof-kozijnen-rotterdam-dhfa8m/,3,57,5.26%,5.23
https://www.bylder.com/loodgieter/bedrijf/inora-installatietechniek-hkyltu/,3,57,5.26%,5.33
https://www.bylder.com/elektricien/bedrijf/bogaert-elektrotechniek-wzxfnm/,3,57,5.26%,6.05
https://www.bylder.com/aannemer/bedrijf/en-bouw-b-v-u3tx-o/,3,57,5.26%,6.49
https://www.bylder.com/loodgieter/bedrijf/a-j-klusbedrijf-da10u4/,3,56,5.36%,3.66
https://www.bylder.com/loodgieter/bedrijf/dm-installatietechniek-sbodnm/,3,56,5.36%,5.55
https://www.bylder.com/dakkapel/bedrijf/vmk-kozijnen-tkhb1s/,3,56,5.36%,6.12
https://www.bylder.com/dakkapel/bedrijf/brouwer4u-eb7v20/,3,56,5.36%,12.46
https://www.bylder.com/dakkapel/bedrijf/ridders-montage-ukgc7g/,3,55,5.45%,7.29
https://www.bylder.com/aannemer/bedrijf/bruijn-aannemersbedrijf-a-de-yanzns/,3,55,5.45%,7.78
https://www.bylder.com/schilder/bedrijf/schildersbedrijf-axel-van-boven-ec6ec8/,3,54,5.56%,4.41
https://www.bylder.com/schilder/bedrijf/azor-totaal-onderhoud-rotterdam-ofjdcw/,3,54,5.56%,7.61
https://www.bylder.com/stukadoor/bedrijf/stuc-meesters-nl-6ntj4e/,3,54,5.56%,7.61
https://www.bylder.com/schilder/bedrijf/s-j-smits-schildersbedrijf-p75lsg/,3,54,5.56%,7.93
https://www.bylder.com/aannemer/bedrijf/van-wiggen-bouw-b-v-vjeuri/,3,54,5.56%,7.98
https://www.bylder.com/aannemer/bedrijf/cornelissen-aannemingsbedrijf-b-v-mzs_y0/,3,54,5.56%,8.67
https://www.bylder.com/aannemer/bedrijf/rumat-bouw-b-v-uiftq4/,3,53,5.66%,4.85
https://www.bylder.com/schilder/bedrijf/hoekstra-j50fkc/,3,53,5.66%,5.58
https://www.bylder.com/loodgieter/bedrijf/coolen-installatietechniek-bv-61oru8/,3,53,5.66%,6.38
https://www.bylder.com/loodgieter/bedrijf/installatiebedrijf-h-vader-b-v-ghhtv8/,3,52,5.77%,6
https://www.bylder.com/loodgieter/bedrijf/talsma-installatietechniek-willem-talsma-uut_eg/,3,52,5.77%,7.71
https://www.bylder.com/loodgieter/bedrijf/d-s-riooltechniek-1_e8qq/,3,52,5.77%,8.06
https://www.bylder.com/loodgieter/bedrijf/deyle-houtkachels-pelletkachels-hkmlvk/,3,52,5.77%,8.19
https://www.bylder.com/schilder/bedrijf/kluskwast-qatzik/,3,51,5.88%,6.12
https://www.bylder.com/aannemer/bedrijf/de-gilde-aannemers-h5fyc8/,3,51,5.88%,6.31
https://www.bylder.com/elektricien/bedrijf/technisch-installatiebedrijf-brandenburg-whyt3q/,3,51,5.88%,11.08
https://www.bylder.com/stukadoor/bedrijf/stucadoorsbedrijf-van-de-wouw-ddnzhs/,3,51,5.88%,11.1
https://www.bylder.com/schilder/bedrijf/schildersbedrijf-dorreman-qsrtcy/,3,50,6%,5.46
https://www.bylder.com/aannemer/bedrijf/jeffrey-rossen-0_cf8a/,3,50,6%,8.36
https://www.bylder.com/dakkapel/bedrijf/avh-dak-en-schoorsteen-3yfdim/,3,49,6.12%,5.94
https://www.bylder.com/aannemer/bedrijf/juya-bouw-b-v-i_tr70/,3,49,6.12%,7.8
https://www.bylder.com/stukadoor/bedrijf/oosterman-afbouw-9nirgo/,3,48,6.25%,5.33
https://www.bylder.com/loodgieter/bedrijf/helder-installatietechniek-rxh07w/,3,48,6.25%,5.92
https://www.bylder.com/stukadoor/bedrijf/adamass-afwerking-j5kpvu/,3,48,6.25%,7.15
https://www.bylder.com/aannemer/bedrijf/beyaart-aannemersbedrijf-yfw4os/,3,48,6.25%,7.71
https://www.bylder.com/loodgieter/bedrijf/sjaak-kalfsbeek-installatietechniek-jbroru/,3,48,6.25%,8.81
https://www.bylder.com/schilder/bedrijf/bosman-bouwt-tuinhout-schilderwerken-lfezvg/,3,48,6.25%,9.4
https://www.bylder.com/aannemer/bedrijf/kiela-woning-bedrijfsonderhoud-k6yjw4/,3,48,6.25%,9.71
https://www.bylder.com/aannemer/bedrijf/ge-bouw-b-v-lnvxb0/,3,47,6.38%,3.66
https://www.bylder.com/aannemer/bedrijf/totaalbouw-nonkes-uh0gzg/,3,47,6.38%,3.81
https://www.bylder.com/loodgieter/bedrijf/gj-gnodde-installatietechniek-z20aw4/,3,47,6.38%,5.13
https://www.bylder.com/loodgieter/bedrijf/kapitein-l_9lum/,3,47,6.38%,7.53
https://www.bylder.com/loodgieter/brummen/,3,47,6.38%,10.23
https://www.bylder.com/elektricien/bedrijf/installatietechniek-holterman-vrssce/,3,46,6.52%,5.22
https://www.bylder.com/stukadoor/bedrijf/bas-van-der-vliet-stukadoors-sczfmu/,3,46,6.52%,6.98
https://www.bylder.com/aannemer/bedrijf/de-kok-bouwgroep-b-v-ccxhbi/,3,45,6.67%,9.82
https://www.bylder.com/badkamer/bedrijf/tegelhuys-gieten-s2q3q8/,3,44,6.82%,4.27
https://www.bylder.com/dakkapel/bedrijf/trechsteiner-dakkapellen-hclrc8/,3,44,6.82%,6.02
https://www.bylder.com/badkamer/bedrijf/installatiebedrijf-wiel-coolen-f9s5ig/,3,44,6.82%,9.07
https://www.bylder.com/aannemer/bedrijf/dienstverlening-vd-kuilen-lawxkm/,3,43,6.98%,5.6
https://www.bylder.com/loodgieter/bedrijf/r-p-installatietechniek-amk720/,3,43,6.98%,5.93
https://www.bylder.com/elektricien/bedrijf/v-zummeren-techniek-tbjpek/,3,43,6.98%,6.77
https://www.bylder.com/aannemer/bedrijf/aannemersbedrijf-j-brouwer-gosioy/,3,42,7.14%,3.69
https://www.bylder.com/loodgieter/bedrijf/installatiebedrijf-klinkhamer-nws9ky/,3,42,7.14%,4.38
https://www.bylder.com/dakkapel/bedrijf/rudigro-beheer-b-v-x2dkue/,3,42,7.14%,4.98
https://www.bylder.com/loodgieter/bedrijf/inst-en-loodgietersbedrijf-ton-van-gaalen-l9832o/,3,42,7.14%,6.1
https://www.bylder.com/loodgieter/bedrijf/loodgietersbedrijf-kraai-oy4vvw/,3,42,7.14%,6.43
https://www.bylder.com/loodgieter/bedrijf/besseling-badkamers-en-meer-bw0gr8/,3,41,7.32%,5.49
https://www.bylder.com/aannemer/bedrijf/van-der-plaat-bouw-b-v-z2dyxg/,3,40,7.5%,3.75
https://www.bylder.com/kortingscode/monoz/,3,40,7.5%,4.12
https://www.bylder.com/loodgieter/bedrijf/leeflang-installaties-hk5ykq/,3,40,7.5%,6.15
https://www.bylder.com/dakkapel/bedrijf/buiten-clean-a_ftio/,3,40,7.5%,6.95
https://www.bylder.com/schilder/bedrijf/dedo-dqxrcc/,3,39,7.69%,4.51
https://www.bylder.com/aannemer/bedrijf/aannemersbedrijf-b-c-van-der-vis-do5oku/,3,39,7.69%,5.62
https://www.bylder.com/stukadoor/bedrijf/bartels-stukadoorsbedrijf-nu9j1i/,3,38,7.89%,6.45
https://www.bylder.com/loodgieter/bedrijf/installatiebedrijf-vlijm-ulp3f0/,3,38,7.89%,33.47
https://www.bylder.com/schilder/bedrijf/wolters-vastgoedonderhoud-bovnuk/,3,37,8.11%,7.41
https://www.bylder.com/dakkapel/bedrijf/steenbakkers-dakonderhoud-crdq4y/,3,37,8.11%,7.7
https://www.bylder.com/aannemer/bedrijf/de-bruin-bouw-ridderkerk-l-hip0/,3,37,8.11%,7.97
https://www.bylder.com/schilder/bedrijf/trommar-spuitwerken-pweyye/,3,37,8.11%,10
https://www.bylder.com/schilder/bedrijf/goli-schildersbedrijf-ipjkze/,3,36,8.33%,4.81
https://www.bylder.com/loodgieter/bedrijf/sebalo-montagebedrijf-z0e_6w/,3,36,8.33%,5.33
https://www.bylder.com/stukadoor/bedrijf/aandacht-stukadoor-badkamer-verbouwen-en-renovatie-koa1fi/,3,35,8.57%,4
https://www.bylder.com/loodgieter/bedrijf/crr-lekdetectie-bv-isohuk/,3,35,8.57%,4.54
https://www.bylder.com/elektricien/bedrijf/technisch-expert-jansen-hwhjfc/,3,35,8.57%,13.34
https://www.bylder.com/loodgieter/bedrijf/fiexet-installatie-en-montagetechniek-renkum-raaib0/,3,35,8.57%,16
https://www.bylder.com/dakkapel/bedrijf/timmerservice-zeeuws-vlaanderen-bv-dgzowc/,3,34,8.82%,5.97
https://www.bylder.com/schilder/bedrijf/schildersbedrijf-gils--8hvu0/,3,33,9.09%,5.33
https://www.bylder.com/badkamer/bedrijf/kjs-bouw-opgms4/,3,33,9.09%,5.94
https://www.bylder.com/aannemer/bedrijf/mammoet-bouw-bouwbedrijf-oldenzaal-pn0qvg/,3,33,9.09%,6.45
https://www.bylder.com/aannemer/bedrijf/perfect-totaalbouw-bv-fz2i4m/,3,32,9.38%,8.12
https://www.bylder.com/elektricien/bedrijf/guts-installatietechniek-b-v-_0uovk/,3,31,9.68%,4.97
https://www.bylder.com/schilder/bedrijf/mol-onderhoud-en-schilderwerken-qawlmo/,3,31,9.68%,6.03
https://www.bylder.com/loodgieter/bedrijf/loodgieters-installatiebedrijf-jeff-m-2cgq/,3,30,10%,8.63
https://www.bylder.com/elektricien/bedrijf/seb-elektrotechniek-b-v-q31kym/,3,29,10.34%,4.86
https://www.bylder.com/kopen/keuken/keukenblad-composiet/maastricht/,3,29,10.34%,7.07
https://www.bylder.com/loodgieter/bedrijf/aquaflash-ie1ggm/,3,29,10.34%,7.1
https://www.bylder.com/aannemer/bedrijf/aannemersbedrijf-vogt-b-v-glzvpw/,3,29,10.34%,7.24
https://www.bylder.com/dakkapel/bedrijf/bogaard-bouw-timmerwerken-jbm768/,3,29,10.34%,7.31
https://www.bylder.com/loodgieter/bedrijf/burg-installatietechniek-qm3lhw/,3,29,10.34%,8.59
https://www.bylder.com/loodgieter/bedrijf/van-leeuwen-techniek-9sizr0/,3,29,10.34%,10.76
https://www.bylder.com/schilder/bedrijf/van-der-steen-kitwerken-nsu3wy/,3,29,10.34%,13.52
https://www.bylder.com/stukadoor/bedrijf/stukadoorsbedrijf-roel-van-rens-etc-c4/,3,28,10.71%,5.54
https://www.bylder.com/schilder/bedrijf/sayah-c8ffxi/,3,28,10.71%,6.14
https://www.bylder.com/aannemer/bedrijf/akc-emnzk8/,3,28,10.71%,6.21
https://www.bylder.com/loodgieter/bedrijf/kropman-2s3ntu/,3,28,10.71%,6.57
https://www.bylder.com/schilder/bedrijf/schildersbedrijf-heerschap-ckvykw/,3,27,11.11%,5.7
https://www.bylder.com/nieuwbouw-project/luchenweide-geldrop-mierlo/,3,27,11.11%,7.63
https://www.bylder.com/aannemer/bedrijf/kien-aannemers-gfrgzm/,3,26,11.54%,5.54
https://www.bylder.com/aannemer/bedrijf/aannemersbedrijf-perik-en-zonen-b-v-zxfxuq/,3,25,12%,4
https://www.bylder.com/loodgieter/bedrijf/zekergroen-installatietechniek-b-v-j-kdis/,3,25,12%,4.56
https://www.bylder.com/badkamer/bedrijf/jongsma-dkfhjw/,3,25,12%,5.88
https://www.bylder.com/dakkapel/bedrijf/bouwbedrijf-casmond-b-v-jtlht8/,3,25,12%,6.52
https://www.bylder.com/aannemer/bedrijf/huntjens-hovenier-qcv4fk/,3,25,12%,6.88
https://www.bylder.com/aannemer/bedrijf/c-d-l-timmerwerken-pk-8ay/,3,25,12%,6.92
https://www.bylder.com/dakkapel/bedrijf/rutten-dakbedekkingen-oydqcq/,3,24,12.5%,4.71
https://www.bylder.com/aannemer/bedrijf/dm-totaalbouw-uzcits/,3,24,12.5%,7.42
https://www.bylder.com/stukadoor/bedrijf/stukadoorsbedrijf-van-der-sanden-2nldoy/,3,23,13.04%,2.3
https://www.bylder.com/schilder/bedrijf/schilder-bedrijf-noordenster-nepz78/,3,23,13.04%,6.57
https://www.bylder.com/schilder/bedrijf/schildersbedrijf-cats-p3z--a/,3,23,13.04%,6.57
https://www.bylder.com/elektricien/bedrijf/gabriels-elektro-bv-pmbt2g/,3,23,13.04%,7.87
https://www.bylder.com/schilder/bedrijf/mn-renovatie-b-v-ccanum/,3,21,14.29%,4
https://www.bylder.com/schilder/bedrijf/meens-schilderwerken-blbjhq/,3,20,15%,4.65
https://www.bylder.com/aannemer/bedrijf/ambouw-margraten-jc_pfa/,3,19,15.79%,6
https://www.bylder.com/schilder/bedrijf/a-quadraat-jvewsc/,3,19,15.79%,9.63
https://www.bylder.com/schilder/bedrijf/schilderwerken-f-van-der-molen-3wwcxo/,3,19,15.79%,11.16
https://www.bylder.com/loodgieter/bedrijf/fravon-tzmpme/,3,18,16.67%,3.94
https://www.bylder.com/aannemer/bedrijf/banbouw-xljary/,3,18,16.67%,6.67
https://www.bylder.com/schilder/bedrijf/d-van-der-weele-schilderwerken-3fzxde/,3,17,17.65%,3.47
https://www.bylder.com/schilder/bedrijf/schildersbedrijf-glansdorp-80rjsu/,3,17,17.65%,3.71
https://www.bylder.com/badkamer/bedrijf/kbr-totaalrenovatie-aannemer-bouwbedrijf-keukens-badkamers-aanbouw-renovatie-afbouw-gemert-noord-brabant-lu1hmc/,3,17,17.65%,6.06
https://www.bylder.com/loodgieter/bedrijf/p-van-der-molen-installaties-i0aup4/,3,17,17.65%,6.47
https://www.bylder.com/schilder/bedrijf/wouter-witlox-schilderwerken-cciray/,3,16,18.75%,2.38
https://www.bylder.com/stukadoor/bedrijf/kirilov-stucadoor-schilder-uphfmw/,3,16,18.75%,3.5
https://www.bylder.com/elektricien/bedrijf/klenet-installatiegroep-b-v-t1roqy/,3,16,18.75%,6.31
https://www.bylder.com/elektricien/bedrijf/etb-monty-s-bv-tiwrsc/,3,16,18.75%,13.62
https://www.bylder.com/loodgieter/bedrijf/hulstflier-installatietechniek-ojgdka/,3,15,20%,4
https://www.bylder.com/nieuwbouw-project/populus-rotterdam/,3,15,20%,6.8
https://www.bylder.com/loodgieter/bedrijf/van-leeuwen-verwarming-b-v-kjie3a/,3,14,21.43%,4.5
https://www.bylder.com/dakkapel/bedrijf/klussenbedrijf-leo-den-boer-v-o-f-wz951w/,3,14,21.43%,5.57
https://www.bylder.com/loodgieter/bedrijf/aircosolutions-zwolle-airco-zwolle-installateur-um0ct8/,3,14,21.43%,9.57
https://www.bylder.com/aannemer/bedrijf/klussenbedrijf-zuchowski-uricdc/,3,13,23.08%,2.15
https://www.bylder.com/online-budget-tracker-verbouwing/,3,13,23.08%,2.54
https://www.bylder.com/loodgieter/bedrijf/onapo-installaties-n3swfq/,3,12,25%,5.75
https://www.bylder.com/schilder/bedrijf/rijs-schilderwerken-zvvcg4/,3,11,27.27%,5.73
https://www.bylder.com/kopen/binnendeuren/schuifdeur/landgraaf/,3,10,30%,2.5
https://www.bylder.com/stukadoor/bedrijf/stukadoor-restauratie-hulp-michielvdsluis-cyfjpg/,3,10,30%,2.8
https://www.bylder.com/aannemer/bedrijf/serviceburo-zuid-b-v-m9kbqy/,3,10,30%,6.6
https://www.bylder.com/badkamer/bedrijf/immens-installatietechniek-bv-efltvy/,3,10,30%,24.1
https://www.bylder.com/schilder/bedrijf/gbw-schildersbedrijf-2awidm/,3,9,33.33%,2.78
https://www.bylder.com/nieuwbouw-project/stockholm-nissewaard/,3,9,33.33%,7.56
https://www.bylder.com/aannemer/bedrijf/van-de-kreeke-wegenbouw-nv-ftkacm/,3,8,37.5%,2.12
https://www.bylder.com/loodgieter/bedrijf/installatiebedrijf-snoek-v-o-f-nq2rl4/,3,7,42.86%,2.29
https://www.bylder.com/kortingscode/solza/,3,6,50%,2.67
https://www.bylder.com/kortingscode/whoon/,3,5,60%,5.2
https://www.bylder.com/aannemer/bedrijf/bouwservice-van-uum-ylnvuq/,3,5,60%,6.6
https://www.bylder.com/badkamer/bedrijf/q1-sanitair-rongoc/,2,1713,0.12%,14.71
https://www.bylder.com/dakkapel/bedrijf/het-kozijnhuys-kunststof-kozijnen-zeeland-kunststof-dakkapellen-zeeland-hul9ha/,2,1693,0.12%,43.08
https://www.bylder.com/en-us/cost/interior-painting/atlanta-ga/,2,1672,0.12%,20.92
https://www.bylder.com/badkamer/bedrijf/praxis-bouwmarkt-maastricht-belvedere-xs5rs4/,2,1595,0.13%,12.41
https://www.bylder.com/loodgieter/bedrijf/warmteservice-gennep-pe1ryu/,2,1502,0.13%,9.16
https://www.bylder.com/loodgieter/bedrijf/warmteservice-alkmaar-6xzmy4/,2,1500,0.13%,10.3
https://www.bylder.com/loodgieter/bedrijf/warmteservice-hilversum-r7myn0/,2,1414,0.14%,7.33
https://www.bylder.com/badkamer/numansdorp/,2,1400,0.14%,18.99
https://www.bylder.com/badkamer/bedrijf/sani-dump-hoeksche-waard-xzf3lq/,2,1242,0.16%,10.82
https://www.bylder.com/badkamer/bedrijf/warmteservice-amersfoort-5i74ju/,2,1097,0.18%,11.69
https://www.bylder.com/elektricien/bedrijf/rutten-elektroshop-cuijk-aqmt24/,2,1076,0.19%,7.09
https://www.bylder.com/loodgieter/bedrijf/ultrices-lekdetectie-waterlekkage-opsporen-6i8luc/,2,984,0.2%,17.89
https://www.bylder.com/loodgieter/den-haag/,2,886,0.23%,52.97
https://www.bylder.com/loodgieter/groningen/,2,835,0.24%,53.26
https://www.bylder.com/loodgieter/eindhoven/,2,812,0.25%,42.09
https://www.bylder.com/en-us/cost/interior-painting/las-vegas-nv/,2,798,0.25%,7.81
https://www.bylder.com/schilder/hengelo/,2,757,0.26%,52.22
https://www.bylder.com/loodgieter/bedrijf/warmteservice-katwijk-syzjnq/,2,748,0.27%,7.91
https://www.bylder.com/kennisbank/begrip/casco/,2,744,0.27%,31.68
https://www.bylder.com/loodgieter/bedrijf/energiewacht-enschede-y4g97i/,2,737,0.27%,6.92
https://www.bylder.com/loodgieter/bedrijf/rioolned-riool-ontstoppen-amstelveen-poxl8s/,2,721,0.28%,23.56
https://www.bylder.com/loodgieter/bedrijf/riool-reinigings-service-rrs-enschede-rxrhx8/,2,717,0.28%,14.5
https://www.bylder.com/badkamer/bedrijf/max-badkamers-hbznwk/,2,713,0.28%,11.45
https://www.bylder.com/en-us/cost/interior-painting/san-diego-ca/,2,705,0.28%,9.05
https://www.bylder.com/aannemer/bedrijf/bouwkracht-brabant-b-v-xrsj1w/,2,696,0.29%,8.79
https://www.bylder.com/loodgieter/bedrijf/themu-riooltechniek-b-v-wau7vm/,2,689,0.29%,8.92
https://www.bylder.com/kennisbank/keuken/keukenkasten-en-fronten/,2,688,0.29%,37.54
https://www.bylder.com/aannemer/rotterdam/,2,686,0.29%,46.34
https://www.bylder.com/badkamer/bedrijf/sani-dump-drachten-kmj_a8/,2,671,0.3%,21.61
https://www.bylder.com/gietvloer/bedrijf/piersma-vloeren-x8ylu8/,2,647,0.31%,6.27
https://www.bylder.com/loodgieter/bedrijf/warmteservice-goes-ibvhmw/,2,640,0.31%,8.84
https://www.bylder.com/schilder/vlaardingen/,2,636,0.31%,35.72
https://www.bylder.com/badkamer/bedrijf/sanidirect-leeuwarden-badkamers-en-tegels-hme7-g/,2,626,0.32%,9.37
https://www.bylder.com/badkamer/bedrijf/sanitairkamer-roermond-tdb7xm/,2,603,0.33%,8.67
https://www.bylder.com/loodgieter/bedrijf/lekdetectie-veenendaal-oboqze/,2,598,0.33%,24.27
https://www.bylder.com/loodgieter/uitgeest/,2,564,0.35%,31.09
https://www.bylder.com/schilder/maastricht/,2,547,0.37%,47.12
https://www.bylder.com/loodgieter/tilburg/,2,546,0.37%,45.11
https://www.bylder.com/badkamer/bedrijf/sanitairkamer-zoeterwoude-o41t-q/,2,537,0.37%,10.83
https://www.bylder.com/loodgieter/bedrijf/clever-riool-ontstoppen-deventer-gfzmsg/,2,531,0.38%,24.35
https://www.bylder.com/badkamer/bedrijf/sanisale-zwolle-n2jo3a/,2,530,0.38%,29.06
https://www.bylder.com/badkamer/bedrijf/sanistunter-barendrecht-bmh_py/,2,529,0.38%,21.88
https://www.bylder.com/badkamer/bedrijf/baderie-purmerend-hp3tvo/,2,504,0.4%,28.54
https://www.bylder.com/loodgieter/zeist/,2,502,0.4%,41.28
https://www.bylder.com/schilder/bedrijf/schildersbedrijf-jac-vink-bv-vmdkq0/,2,488,0.41%,20.35
https://www.bylder.com/gietvloer/bedrijf/de-vloerenman-vloertegels-sfjazy/,2,484,0.41%,8.5
https://www.bylder.com/loodgieter/rijswijk/,2,480,0.42%,50.17
https://www.bylder.com/badkamer/bedrijf/tegels-tegelmegastore-den-bosch-48xqqu/,2,460,0.43%,24.51
https://www.bylder.com/badkamer/bedrijf/praxis-bouwmarkt-brielle-urdtam/,2,458,0.44%,10.46
https://www.bylder.com/badkamer/bedrijf/enka-bouwmaterialen-s8i7di/,2,456,0.44%,8.1
https://www.bylder.com/schilder/bedrijf/decokay-dirkmaat--ftl1e/,2,454,0.44%,7.46
https://www.bylder.com/aannemer/tilburg/,2,448,0.45%,23.92
https://www.bylder.com/loodgieter/bedrijf/loodgieter-amsterdam-tfk-installatie-service-ip9aeg/,2,442,0.45%,7.71
https://www.bylder.com/loodgieter/hengelo/,2,442,0.45%,44.82
https://www.bylder.com/aannemer/bedrijf/mbt-aannemersbedrijf-vn39dk/,2,440,0.45%,7.12
https://www.bylder.com/badkamer/bedrijf/molenaar-badkamers-geniet-vandaag-van-de-badkamer-van-morgen--qo8kk/,2,434,0.46%,10.99
https://www.bylder.com/dakkapel/bedrijf/van-hattem-dakkapellen-fx2n2w/,2,424,0.47%,10.71
https://www.bylder.com/badkamer/bedrijf/sanistunter-gorinchem-jwhevs/,2,414,0.48%,15.83
https://www.bylder.com/badkamer/bedrijf/plieger-zwolle-showroom-uhyrwk/,2,408,0.49%,10.23
https://www.bylder.com/dakkapel/bedrijf/alku-tilburg-kunststof-kozijnen-en-deuren-nj17us/,2,394,0.51%,12.08
https://www.bylder.com/badkamer/bedrijf/sani4all-rotterdam-4dagpe/,2,389,0.51%,9.45
https://www.bylder.com/schilder/bedrijf/huysman-schilderwerken-b-v-schilder-haarlem-ls5xke/,2,381,0.52%,15.71
https://www.bylder.com/loodgieter/bedrijf/bos-montfoort-rioolontstopping-bswgui/,2,376,0.53%,7.61
https://www.bylder.com/badkamer/kaatsheuvel/,2,376,0.53%,27.83
https://www.bylder.com/loodgieter/bedrijf/klus-en-aanemers-bedrijf-hbo-totaalbouw-tta5ha/,2,375,0.53%,8.62
https://www.bylder.com/dakkapel/bedrijf/dakkapel-eindhoven-zurg6e/,2,374,0.53%,35.07
https://www.bylder.com/loodgieter/bedrijf/technisch-bureau-suurmeijer-dzxjeq/,2,372,0.54%,6.73
https://www.bylder.com/dakkapel/bedrijf/maat-dakkapellen-b-v-m1o79i/,2,372,0.54%,8.92
https://www.bylder.com/badkamer/bedrijf/sanisale-hoorn-tdbf_e/,2,370,0.54%,12.21
https://www.bylder.com/loodgieter/bedrijf/installatiebedrijf-elst-9irhjs/,2,369,0.54%,35.24
https://www.bylder.com/aannemer/bedrijf/a-r-allround-rlavxm/,2,364,0.55%,6.84
https://www.bylder.com/loodgieter/bedrijf/loodgieter-delft-riool-ontstoppen-delft-lekkage-rionex-epri_a/,2,361,0.55%,9.35
https://www.bylder.com/loodgieter/bedrijf/aspers-installatietechniek-rynqhs/,2,359,0.56%,8.35
https://www.bylder.com/aannemer/waalre/,2,359,0.56%,15.65
https://www.bylder.com/loodgieter/oss/,2,358,0.56%,27.75
https://www.bylder.com/loodgieter/bedrijf/van-roekel-installatiegroep-gnc_i8/,2,353,0.57%,8.53
https://www.bylder.com/gietvloer/bedrijf/indri-vloersystemen-bv-erfqo8/,2,352,0.57%,8.42
https://www.bylder.com/en-us/cost/deck-building/miami-fl/,2,350,0.57%,12.64
https://www.bylder.com/loodgieter/bedrijf/coppens-alkmaar-b-v--r69y0/,2,349,0.57%,7.14